25 Millimeter Dummy Cartridge, 1305-01-659-6896, a968
Caliber .50 Cartridge, 1305-01-659-2421, a576
Caliber .50 Cartridge, 1305-01-659-2417, a541
Caliber .50 Cartridge, 1305-01-659-2220, a531
Caliber .50 Cartridge, 1305-01-659-2202, a585
Caliber .50 Cartridge, 1305-01-659-0136, ac15
Caliber .50 Cartridge, 1305-01-659-0125, ac16
Caliber .50 Cartridge, 1305-01-658-9164, ac14
Caliber .50 Cartridge, 1305-01-658-9080, ac13
Caliber .50 Cartridge, 1305-01-658-2714, a555
Caliber .50 Cartridge, 1305-01-658-2580, a557
12 Gage Shotgun Cartridge, 1305-01-658-1470, ac11
5.56 Millimeter Cartridge, 1305-01-656-5117, a477
4.6 Millimeter Cartridge, 1305-01-656-1304, ac10
Caliber .45 Line Throwing Cartridge, 1305-01-654-9370, ac08
40 Mill Cartridge, 1305-01-654-1342, ac09
Caliber .45 Cartridge, 1305-01-652-2900, ac07
5.56 Millimeter Cartridge, 1305-01-651-5896, b129
7.62 Millimeter Cartridge, 1305-01-651-3479, b118
7.62 Millimeter Cartridge, 1305-01-651-3478, aa40
5.56 Millimeter Dummy Cartridge, 1305-01-650-8613, aa94
7.62 Millimeter Cartridge, 1305-01-650-7935, ac04
Caliber .223 Cartridge, 1305-01-650-3724, ab18
7.62 Millimeter Cartridge, 1305-01-650-2463, null
9 Millimeter Blank Cartridge, 1305-01-649-5714, null
8 Millimeter Cartridge, 1305-01-645-9965, null
Caliber .223 Cartridge, 1305-01-645-6652, null
30 Millimeter Cartridge, 1305-01-644-8397, null
Practice 30 Millimeter Cartridge, 1305-01-644-8390, null
5.56 Millimeter Cartridge, 1305-01-644-3649, null
Practice 30 Millimeter Cartridge, 1305-01-644-0756, null
17 Calibe Cartridge, 1305-01-643-6282, null
Winchester Caliber .308 Cartridge, 1305-01-643-6107, null
Caliber .50 Dummy Cartridge, 1305-01-642-8796, null
Practice 20 Millimeter Cartridge, 1305-01-642-4880, null
5.56 Millimeter Cartridge, 1305-01-640-9490, null
Cartridge Clip, 1305-01-633-7859, null
Practice 9 Millimeter Cartridge, 1305-01-633-6617, null
30 Millimeter Cartridge, 1305-01-633-0903, null
30 Millimeter Cartridge, 1305-01-632-6317, null
25 Millimeter Dummy Cartridge, 1305-01-659-6896, a968
Caliber .50 Cartridge, 1305-01-659-2421, a576
Caliber .50 Cartridge, 1305-01-659-2417, a541
Caliber .50 Cartridge, 1305-01-659-2220, a531
Caliber .50 Cartridge, 1305-01-659-2202, a585
Caliber .50 Cartridge, 1305-01-659-0136, ac15
Caliber .50 Cartridge, 1305-01-659-0125, ac16
Caliber .50 Cartridge, 1305-01-658-9164, ac14
Caliber .50 Cartridge, 1305-01-658-9080, ac13
Caliber .50 Cartridge, 1305-01-658-2714, a555
Caliber .50 Cartridge, 1305-01-658-2580, a557
12 Gage Shotgun Cartridge, 1305-01-658-1470, ac11
5.56 Millimeter Cartridge, 1305-01-656-5117, a477
4.6 Millimeter Cartridge, 1305-01-656-1304, ac10
Caliber .45 Line Throwing Cartridge, 1305-01-654-9370, ac08
40 Mill Cartridge, 1305-01-654-1342, ac09
Caliber .45 Cartridge, 1305-01-652-2900, ac07
5.56 Millimeter Cartridge, 1305-01-651-5896, b129
7.62 Millimeter Cartridge, 1305-01-651-3479, b118
7.62 Millimeter Cartridge, 1305-01-651-3478, aa40
5.56 Millimeter Dummy Cartridge, 1305-01-650-8613, aa94
7.62 Millimeter Cartridge, 1305-01-650-7935, ac04
Caliber .223 Cartridge, 1305-01-650-3724, ab18
7.62 Millimeter Cartridge, 1305-01-650-2463, null
9 Millimeter Blank Cartridge, 1305-01-649-5714, null
8 Millimeter Cartridge, 1305-01-645-9965, null
Caliber .223 Cartridge, 1305-01-645-6652, null
30 Millimeter Cartridge, 1305-01-644-8397, null
Practice 30 Millimeter Cartridge, 1305-01-644-8390, null
5.56 Millimeter Cartridge, 1305-01-644-3649, null
Practice 30 Millimeter Cartridge, 1305-01-644-0756, null
17 Calibe Cartridge, 1305-01-643-6282, null
Winchester Caliber .308 Cartridge, 1305-01-643-6107, null
Caliber .50 Dummy Cartridge, 1305-01-642-8796, null
Practice 20 Millimeter Cartridge, 1305-01-642-4880, null
5.56 Millimeter Cartridge, 1305-01-640-9490, null
Cartridge Clip, 1305-01-633-7859, null
Practice 9 Millimeter Cartridge, 1305-01-633-6617, null
30 Millimeter Cartridge, 1305-01-633-0903, null
30 Millimeter Cartridge, 1305-01-632-6317, null
Non-lethal 12 Gage Shotgun Cartridge, 1305-01-631-2798, ac02
9 Millimeter Cartridge, 1305-01-629-4839, 033-
9 Millimeter Cartridge, 1305-01-629-4689, 012-
9 Millimeter Cartridge, 1305-01-629-4686, 018-
7.62 Millimeter Cartridge, 1305-01-628-7779, a057
Caliber .22 Cartridge, 1305-01-624-5484, a052
Gripper Cartridge, 1305-01-624-1586, a046
Rear Tube, 1305-01-624-1573, a003
5.56 Millimeter Cartridge, 1305-01-624-0237, a002
12 Gage Shotgun Cartridge, 1305-01-623-5583, 018-
Cartridge Clip, 1305-01-622-6330, 390-
12 Gage Shotgun Cartridge, 1305-01-621-8682, ab99
28 Gage Shotgun Cartridge, 1305-01-620-2252, ab98
.410 Gage Shotgun Cartridge, 1305-01-620-2249, ab96
20 Gage Shotgun Cartridge, 1305-01-620-2247, 360-
12 Gage Shotgun Cartridge, 1305-01-620-2245, ab95
12 Gage Shotgun Cartridge, 1305-01-620-2213, ab92
12 Gage Shotgun Cartridge, 1305-01-620-0437, ab91
10 Milli Cartridge, 1305-01-620-0436, ab93
20 Millimeter Dummy Cartridge, 1305-01-619-9718, ab94
25 Millimeter Cartridge, 1305-01-619-5537, ab84
Caliber .338 Magnum Cartridge, 1305-01-618-3100, ab88
Caliber .338 Magnum Cartridge, 1305-01-618-1846, ab90
20 Millimeter Dummy Cartridge, 1305-01-615-6498, null
Cartridge Clip, 1305-01-615-5050, null
5.56 Millimeter Cartridge, 1305-01-612-0462, null
Practice 9 Millimeter Cartridge, 1305-01-610-6215, null
7.62 Millimeter Cartridge, 1305-01-608-6845, null
7.62 Millimeter Cartridge, 1305-01-608-6843, null
7.62 Millimeter Cartridge, 1305-01-608-6842, null
7.62 Millimeter Cartridge, 1305-01-608-6841, null
7.62 Millimeter Cartridge, 1305-01-608-6838, null
12 Gage Shotgun Cartridge, 1305-01-606-9741, null
12 Gage Shotgun Cartridge, 1305-01-606-9740, null
12 Gage Shotgun Cartridge, 1305-01-606-9739, null
12 Gage Shotgun Cartridge, 1305-01-606-9738, null
12 Gage Shotgun Cartridge, 1305-01-606-9564, null
7.62 Millimeter Cartridge, 1305-01-606-7081, null
7.62 Millimeter Cartridge, 1305-01-606-7063, null
7.62 Millimeter Cartridge, 1305-01-606-7050, null
7.62 Millimeter Cartridge, 1305-01-606-7038, ab87
7.62 Millimeter Cartridge, 1305-01-606-7016, ab85
7.62 Millimeter Cartridge, 1305-01-606-7003, ab86
7.62 Millimeter Cartridge, 1305-01-606-6538, ab89
12 Gage Shotgun Cartridge, 1305-01-601-6359, aa40
5.56 Millimeter Cartridge, 1305-01-600-0670, 075-
Caliber 40 Cartridge, 1305-01-600-0286, 012-
Practice 5.56 Millimeter Cartridge, 1305-01-599-5205, 012-
12 Gage Shotgun Cartridge, 1305-01-599-3975, 011-
12 Gage Shotgun Cartridge, 1305-01-599-3973, ab82
12 Gage Shotgun Cartridge, 1305-01-599-3971, ab81
7.62 Millimeter Cartridge, 1305-01-598-8201, ab79
7.62 Millimeter Cartridge, 1305-01-598-5928, ab80
7.62 Millimeter Cartridge, 1305-01-598-5913, ab78
7.62 Millimeter Cartridge, 1305-01-598-5898, ab77
5.56 Millimeter Cartridge, 1305-01-598-1219, aa17
5.56 Millimeter Cartridge, 1305-01-598-0155, ab73
5.56 Millimeter Cartridge, 1305-01-597-9747, ab74
Caliber .50 Cartridge, 1305-01-596-7099, ab75
Caliber .50 Cartridge, 1305-01-596-7097, ab76
5.56 Millimeter Cartridge, 1305-01-596-4478, ab72
5.56 Millimeter Cartridge, 1305-01-596-4436, ab71
5.56 Millimeter Cartridge, 1305-01-596-4416, 340-
5.56 Millimeter Cartridge, 1305-01-596-4391, a557
7.62 Millimeter Blank Cartridge, 1305-01-596-1319, a552
9 Millimeter Cartridge, 1305-01-594-8398, a555
Spec 12.7 Mm Tp-mat, 1305-01-593-9968, 075-
Spec 12.7 Mm Ap-mat, 1305-01-593-9965, null
25 Millimeter Cartridge, 1305-01-593-8449, null
5.56 Millimeter Cartridge, 1305-01-592-5144, null
9 Millimeter Cartridge, 1305-01-592-5143, null
Caliber .50 Cartridge, 1305-01-592-1710, null
Caliber .50 Cartridge, 1305-01-591-4857, null
Caliber .50 Cartridge, 1305-01-591-4851, null
Caliber .50 Cartridge, 1305-01-591-4838, null
Practice 5.56 Millimeter Cartridge, 1305-01-590-2997, null
Bandoleer, 1305-01-590-2765, null
Practice 9 Millimeter Cartridge, 1305-01-589-9538, null
Caliber .223 Cartridge, 1305-01-589-0195, null
17hmr Cartridge, 1305-01-588-3929, null
30 Millimeter Dummy Cartridge, 1305-01-587-3805, a122
7.62 Millimeter Cartridge, 1305-01-586-0305, ab70
11 Millimeter Cartridge, 1305-01-585-2330, ab69
Practice 25 Millimeter Cartridge, 1305-01-584-9297, a531
25 Millimeter Cartridge, 1305-01-584-9292, ab66
5.56 Millimeter Cartridge, 1305-01-584-5564, ab67
7.62 Millimeter Cartridge, 1305-01-584-4123, ab61
7.62 Millimeter Blank Cartridge, 1305-01-584-3977, ab60
5.56 Millimeter Cartridge, 1305-01-584-3976, ab60
Caliber .50 Cartridge, 1305-01-583-6468, ab59
Ammunition Parts Kit, 1305-01-583-1110, b104
Cartridge 233 Rem, 1305-01-582-7932, 340-
Caliber .50 Cartridge, 1305-01-582-7911, 340-
5.56 Millimeter Cartridge, 1305-01-582-7502, 335-
5.56 Millimeter Cartridge, 1305-01-582-7499, aa90
Caliber .50 Cartridge, 1305-01-582-5969, b004
Caliber .50 Cartridge, 1305-01-582-5890, aa72
Caliber .50 Cartridge, 1305-01-582-5872, ab51
5.56 Millimeter Cartridge, 1305-01-582-5560, ab51
5.56 Millimeter Cartridge, 1305-01-582-5555, ab49
Caliber .50 Cartridge, 1305-01-582-3646, ab50
9 Millimeter Cartridge, 1305-01-580-8078, null
30 Millimeter Cartridge, 1305-01-580-1225, null
7.62 Millimeter Cartridge, 1305-01-579-4058, null
7.62 Millimeter Cartridge, 1305-01-579-4056, null
30 Millimeter Cartridge, 1305-01-579-2861, null
30 Millimeter Cartridge, 1305-01-579-2134, null
9 Millimeter Cartridge, 1305-01-578-4181, null
9 Millimeter Cartridge, 1305-01-578-4177, null
Caliber .38 Special Cartridge, 1305-01-578-4170, null
Practice 30 Millimeter Cartridge, 1305-01-574-9824, null
30 Millimeter Cartridge, 1305-01-574-9817, null
30 Millimeter Cartridge, 1305-01-574-9812, null
Practice 30 Millimeter Cartridge, 1305-01-574-9807, null
30 Millimeter Cartridge, 1305-01-573-4766, null
5.56 Millimeter Cartridge, 1305-01-573-2229, null
7.62 Millimeter Cartridge, 1305-01-572-8492, null
12 Gage Shotgun Cartridge, 1305-01-572-0139, null
Caliber Cartridge, 1305-01-571-7064, null
12 Gage Shotgun Cartridge, 1305-01-570-5087, null
12 Gage Shotgun Cartridge, 1305-01-570-5086, a258
5.56 Millimeter Cartridge, 1305-01-569-6188, a257
5.56 Millimeter Cartridge, 1305-01-569-5603, a255
7.62 Millimeter Cartridge, 1305-01-569-2945, a168
7.62 Millimeter Cartridge, 1305-01-569-2941, a165
7.62 Millimeter Cartridge, 1305-01-569-2936, a164
7.62 Millimeter Cartridge, 1305-01-569-2932, a163
7.62 Millimeter Cartridge, 1305-01-569-2929, a143
7.62 Millimeter Cartridge, 1305-01-569-2925, a131
7.62 Millimeter Cartridge, 1305-01-569-2923, a130
7.62 Millimeter Cartridge, 1305-01-569-2917, ab43
7.62 Millimeter Cartridge, 1305-01-569-2912, ab48
7.62 Millimeter Cartridge, 1305-01-569-2891, ab45
30 Millimeter Cartridge, 1305-01-568-9103, ab47
Caliber .30 Cartridge, 1305-01-568-7504, ab46
20 Millimeter Dummy Cartridge, 1305-01-568-6728, ab40
20 Millimeter Dummy Cartridge, 1305-01-568-6724, 011-
Caliber .50 Dummy Cartridge, 1305-01-568-5696, aa40
9 Millimeter Dummy Cartridge, 1305-01-568-5691, ab58
7.62 Millimeter Dummy Cartridge, 1305-01-568-5689, ab57
5.56 Millimeter Dummy Cartridge, 1305-01-568-5686, ab56
5.56 Millimeter Cartridge, 1305-01-568-0799, ab36
Caliber .30 Cartridge, 1305-01-567-7888, a575
7.62 Millimeter Cartridge, 1305-01-567-6944, 076-
12 Gage Shotgun Cartridge, 1305-01-566-0476, null
12 Gage Shotgun Cartridge, 1305-01-565-8732, null
12 Gage Shotgun Cartridge, 1305-01-565-8731, null
30 Millimeter Dummy Cartridge, 1305-01-564-3791, null
Non-lethal 12 Gage Shotgun Cartridge, 1305-01-563-0022, null
Non-lethal 12 Gage Shotgun Cartridge, 1305-01-562-7175, null
30 Millimeter Cartridge, 1305-01-562-5648, null
5.56 Millimeter Cartridge, 1305-01-561-2620, null
7.62 Millimeter Dummy Cartridge, 1305-01-560-2815, null
5.56 Millimeter Cartridge, 1305-01-559-3335, null
5.56 Millimeter Cartridge, 1305-01-559-3333, null
5.56 Millimeter Cartridge, 1305-01-559-3332, null
7.62 Millimeter Cartridge, 1305-01-559-2620, null
Caliber .50 Dummy Cartridge, 1305-01-557-7022, null
Caliber .50 Cartridge, 1305-01-557-2988, null
Practice 5.56 Millimeter Cartridge, 1305-01-556-2361, null
Caliber .45 Blank Cartridge, 1305-01-554-5317, ab08
Non-lethal 12 Gage Shotgun Cartridge, 1305-01-553-6192, 018-
Non-lethal 12 Gage Shotgun Cartridge, 1305-01-552-5759, aa33
Non-lethal 12 Gage Shotgun Cartridge, 1305-01-552-5758, ab35
Caliber .45 Blank Cartridge, 1305-01-551-3653, ab33
5.56 Millimeter Cartridge, 1305-01-550-5648, ab34
Caliber 40 Cartridge, 1305-01-550-0179, ab32
Caliber 40 Cartridge, 1305-01-548-6279, ab31
25 Millimeter Cartridge, 1305-01-547-7383, ab30
Caliber .50 Cartridge, 1305-01-547-4101, ab29
5.56 Millimeter Cartridge, 1305-01-546-6100, 210-
7.62 Millimeter Cartridge, 1305-01-546-6099, 340-
Caliber .50 Cartridge, 1305-01-543-2839, ab20
Empty Projectile, 1305-01-543-1883, ab22
Caliber .50 Cartridge, 1305-01-543-1379, ab21
Caliber .50 Cartridge, 1305-01-543-0850, ab24
12 Gage Shotgun Cartridge, 1305-01-542-5581, ab28
20 Millimeter Cartridge, 1305-01-540-7780, ab25
30 Millimeter Projectile, 1305-01-540-3622, ab27
30 Millimeter Projectile, 1305-01-540-2895, ab26
30 Millimeter Projectile, 1305-01-540-2894, ab23
Non-lethal 12 Gage Shotgun Cartridge, 1305-01-539-2932, ab19
Non-lethal 12 Gage Shotgun Cartridge, 1305-01-539-2931, ab18
Winchester Caliber .308 Cartridge, 1305-01-539-1660, ab17
9 Millimeter Cartridge, 1305-01-539-1657, ab16
30 Millimeter Cartridge, 1305-01-539-1348, ab15
30 Millimeter Cartridge, 1305-01-539-1347, null
30 Millimeter Cartridge, 1305-01-539-0416, null
30 Millimeter Cartridge, 1305-01-539-0117, null
30 Millimeter Cartridge, 1305-01-538-8133, null
30 Millimeter Cartridge, 1305-01-538-8132, null
30 Millimeter Cartridge, 1305-01-538-8130, null
30 Millimeter Cartridge, 1305-01-538-8129, null
30 Millimeter Cartridge, 1305-01-538-8128, null
30 Millimeter Cartridge, 1305-01-538-8127, null
30 Millimeter Cartridge, 1305-01-538-8126, null
30 Millimeter Cartridge, 1305-01-538-8125, null
Practice 5.56 Millimeter Cartridge, 1305-01-537-1522, null
Practice 5.56 Millimeter Cartridge, 1305-01-537-1521, null
Practice 5.56 Millimeter Cartridge, 1305-01-536-9289, null
Practice 9 Millimeter Cartridge, 1305-01-536-7722, ab14
Practice 9 Millimeter Cartridge, 1305-01-536-7721, ab13
Practice 9 Millimeter Cartridge, 1305-01-536-7720, ab12
Practice 5.56 Millimeter Cartridge, 1305-01-536-5829, ab08
Practice 5.56 Millimeter Cartridge, 1305-01-536-5827, ab07
Practice 5.56 Millimeter Cartridge, 1305-01-536-5822, ab06
Non-lethal 12 Gage Shotgun Cartridge, 1305-01-536-1520, ab05
20 Millimeter Cartridge, 1305-01-534-2702, ab03
5.56 Millimeter Cartridge, 1305-01-533-6674, ab04
5.56 Millimeter Cartridge, 1305-01-533-6670, ab02
5.56 Millimeter Cartridge, 1305-01-533-5663, ab01
5.56 Millimeter Cartridge, 1305-01-533-5657, aa99
30 Millimeter Cartridge, 1305-01-533-1319, aa89
30 Millimeter Cartridge, 1305-01-533-1312, aa98
5.56 Millimeter Cartridge, 1305-01-530-3982, aa97
30 Millimeter Cartridge, 1305-01-530-3026, 034-
25 Millimeter Cartridge, 1305-01-530-1231, 034-
30 Millimeter Cartridge, 1305-01-529-6725, aa94
20 Millimeter Cartridge, 1305-01-528-7215, aa93
30 Millimeter Cartridge, 1305-01-527-5923, aa92
Caliber .22 Cartridge, 1305-01-527-0757, aa91
Caliber .22 Cartridge, 1305-01-527-0752, aa90
Non-lethal 12 Gage Shotgun Cartridge, 1305-01-525-9736, aa67
Practice 30 Millimeter Cartridge, 1305-01-525-8642, aa89
30 Millimeter Cartridge, 1305-01-525-8146, aa88
5.56 Millimeter Cartridge, 1305-01-525-2025, aa87
5.56 Millimeter Cartridge, 1305-01-525-2020, aa86
Practice 30 Millimeter Cartridge, 1305-01-524-0220, aa85
Cartridge Link, 1305-01-522-0688, aa53
5.56 Millimeter Cartridge, 1305-01-521-4286, aa84
30 Millimeter Cartridge, 1305-01-519-8159, aa83
9 Millimeter Cartridge, 1305-01-516-2294, aa82
9 Millimeter Cartridge, 1305-01-516-2293, aa30
12 Gage Shotgun Cartridge, 1305-01-510-7884, null
5.56 Millimeter Cartridge, 1305-01-509-0177, null
5.56 Millimeter Cartridge, 1305-01-507-7511, null
Practice 25 Millimeter Cartridge, 1305-01-506-6530, null
20 Millimeter Cartridge, 1305-01-506-1998, null
12 Gage Shotgun Cartridge, 1305-01-505-5304, null
12 Gage Shotgun Cartridge, 1305-01-504-3529, null
9 Millimeter Cartridge, 1305-01-503-6841, aa81
9 Millimeter Cartridge, 1305-01-503-6838, aa80
Non-lethal 12 Gage Shotgun Cartridge, 1305-01-502-7736, aa79
Non-lethal 12 Gage Shotgun Cartridge, 1305-01-502-7718, aa72
Practice 20 Millimeter Cartridge, 1305-01-501-7178, aa71
5.56 Millimeter Cartridge, 1305-01-497-9996, aa70
30 Millimeter Cartridge, 1305-01-496-0235, aa68
30 Millimeter Cartridge, 1305-01-495-9560, aa69
5.56 Millimeter Cartridge, 1305-01-493-7750, aa40
5.56 Millimeter Cartridge, 1305-01-493-3653, aa67
5.56 Millimeter Cartridge, 1305-01-493-3632, aa65
Cartridge Clip, 1305-01-493-2955, aa61
5.56 Millimeter Cartridge, 1305-01-492-8545, aa60
5.56 Millimeter Cartridge, 1305-01-492-7605, aa58
12 Gage Shotgun Dummy Cartridge, 1305-01-491-3000, aa56
Practice 30 Millimeter Cartridge, 1305-01-488-8385, aa57
20 Millimeter Cartridge, 1305-01-484-9674, aa54
12 Gage Shotgun Cartridge, 1305-01-484-7701, aa51
Caliber .50 Cartridge, 1305-01-482-1053, aa52
Caliber .50 Cartridge, 1305-01-481-3854, aa49
Caliber .50 Cartridge, 1305-01-481-3852, a363
9 Millimeter Cartridge, 1305-01-479-8107, aa46
5.56 Millimeter Cartridge, 1305-01-476-8159, aa47
Aerial Pest Control Flash Bang, 1305-01-476-0073, aa45
12 Gage Shotgun Cartridge, 1305-01-475-7440, aa44
7.62 Millimeter Cartridge, 1305-01-475-3220, aa48
10mm Automatic Cartridge, 1305-01-474-6485, null
5.56 Millimeter Cartridge, 1305-01-474-3856, null
Caliber .50 Cartridge, 1305-01-473-4774, null
Caliber .50 Cartridge, 1305-01-473-4766, null
Caliber .50 Cartridge, 1305-01-470-9337, null
Non-lethal 12 Gage Shotgun Cartridge, 1305-01-470-2405, null
Non-lethal 12 Gage Shotgun Cartridge, 1305-01-470-2139, null
9 Millimeter Cartridge, 1305-01-470-2090, null
9 Millimeter Cartridge, 1305-01-467-5408, null
5.56 Millimeter Cartridge, 1305-01-467-3037, null
5.56 Millimeter Cartridge, 1305-01-467-3036, null
5.56 Millimeter Cartridge, 1305-01-467-3033, null
5.56 Millimeter Cartridge, 1305-01-467-3026, null
5.56 Millimeter Cartridge, 1305-01-467-3008, null
30 Millimeter Cartridge, 1305-01-466-6296, b103
Caliber .50 Cartridge, 1305-01-465-3549, a525
12 Gage Shotgun Cartridge, 1305-01-464-8389, aa30
Caliber .50 Cartridge, 1305-01-464-3218, aa42
Caliber .50 Cartridge, 1305-01-464-2541, aa41
7.62 Millimeter Cartridge, 1305-01-464-0558, 212-
5.56 Millimeter Cartridge, 1305-01-463-8232, aa39
7.62 Millimeter Cartridge, 1305-01-463-1508, aa38
30 Millimeter Cartridge, 1305-01-462-8733, aa37
Caliber .50 Cartridge, 1305-01-462-0651, aa34
12 Gage Shotgun Cartridge, 1305-01-461-2937, aa35
9 Millimeter Cartridge, 1305-01-460-0239, aa36
7.62 Millimeter Cartridge, 1305-01-459-9535, aa33
7.62 Millimeter Cartridge, 1305-01-458-6826, aa32
7.62 Millimeter Cartridge, 1305-01-458-6825, aa29
7.62 Millimeter Cartridge, 1305-01-458-6823, aa31
7.62 Millimeter Cartridge, 1305-01-458-6817, aa30
5.56 Millimeter Cartridge, 1305-01-457-4589, aa23
6 Millimeter Cartridge, 1305-01-456-2560, aa22
12 Gage Shotgun Cartridge, 1305-01-454-0191, aa26
12 Gage Shotgun Cartridge, 1305-01-454-0189, aa27
12 Gage Shotgun Cartridge, 1305-01-454-0187, aa25
Caliber .22 Cartridge, 1305-01-452-6233, aa28
20 Millimeter Cartridge, 1305-01-451-8683, aa24
20 Millimeter Cartridge, 1305-01-451-8675, aa21
Practice 20 Millimeter Cartridge, 1305-01-451-8665, aa20
Practice 20 Millimeter Cartridge, 1305-01-451-8659, b103
Practice 20 Millimeter Cartridge, 1305-01-451-8592, aa18
Practice 20 Millimeter Cartridge, 1305-01-451-8574, null
Practice 20 Millimeter Cartridge, 1305-01-451-8566, null
9 Millimeter Cartridge, 1305-01-449-3208, null
20 Millimeter Dummy Cartridge, 1305-01-448-9275, null
Cartridge Link, 1305-01-444-6836, null
Cartridge Link, 1305-01-444-6835, null
Cartridge Link, 1305-01-444-6834, null
Cartridge Link, 1305-01-444-6833, null
30 Millimeter Cartridge, 1305-01-444-5514, null
Caliber .357 Magnum Cartridge, 1305-01-443-9588, null
Caliber .45 Cartridge, 1305-01-443-1891, null
Caliber .45 Cartridge, 1305-01-442-8735, null
5.56 Millimeter Cartridge, 1305-01-442-8733, aa17
9 Millimeter Cartridge, 1305-01-442-8717, aa16
Caliber .45 Cartridge, 1305-01-442-1186, aa14
9 Millimeter Cartridge, 1305-01-439-9717, aa12
20 Millimeter Cartridge, 1305-01-434-1480, 533-
12 Gage Shotgun Cartridge, 1305-01-433-9478, 533-
Ammuniti Tube And Strap Assembly, 1305-01-432-8426, a982
Ammunition Tube Strap, 1305-01-432-8425, a978
25 Millimeter Cartridge, 1305-01-432-4835, a941
25 Millimeter Cartridge, 1305-01-432-4834, a024
25 Millimeter Cartridge, 1305-01-432-4814, a940
12 Gage Shotgun Cartridge, 1305-01-431-5624, aa12
Practice 25 Millimeter Cartridge, 1305-01-426-4359, aa11
9 Millimeter Cartridge, 1305-01-424-2410, aa09
Cartridge Clip, 1305-01-420-3936, aa07
7.62 Millimeter Cartridge, 1305-01-419-8202, aa05
20 Millimeter Cartridge, 1305-01-417-4341, aa06
25 Millimeter Cartridge, 1305-01-415-4583, a975
5.56 Millimeter Cartridge, 1305-01-411-6098, aa03
5.56 Millimeter Cartridge, 1305-01-411-2993, a986
Caliber .50 Cartridge, 1305-01-406-7265, a967
25 Millimeter Cartridge, 1305-01-400-3115, a974
Caliber .50 Cartridge, 1305-01-400-1399, aa01
Caliber .50 Cartridge, 1305-01-400-1398, a014
25 Millimeter Cartridge, 1305-01-398-3492, a023
7.62 Millimeter Cartridge, 1305-01-398-1450, a011
7.62 Millimeter Cartridge, 1305-01-398-1449, a017
25 Millimeter Cartridge, 1305-01-396-8362, null
25 Millimeter Dummy Cartridge, 1305-01-396-8360, null
25 Millimeter Cartridge, 1305-01-396-7878, null
25 Millimeter Dummy Cartridge, 1305-01-394-3457, null
5.56 Millimeter Cartridge, 1305-01-393-7052, null
5.56 Millimeter Cartridge, 1305-01-393-7050, null
20 Millimeter Cartridge, 1305-01-391-9457, null
25 Millimeter Cartridge, 1305-01-390-7978, null
25 Millimeter Cartridge, 1305-01-390-7977, null
12 Gage Shotgun Cartridge, 1305-01-386-5605, null
12 Gage Shotgun Cartridge, 1305-01-386-5604, null
12 Gage Shotgun Cartridge, 1305-01-386-2464, null
12 Gage Shotgun Cartridge, 1305-01-386-2028, null
7.62 Millimeter Cartridge, 1305-01-380-9975, aa55
25 Millimeter Cartridge, 1305-01-380-9884, a254
7.62 Millimeter Cartridge, 1305-01-380-9840, a931
7.62 Millimeter Cartridge, 1305-01-380-9803, a362
25 Millimeter Cartridge, 1305-01-380-8960, a941
Velocity Test Barrel, 1305-01-380-8378, a062
25 Millimeter Cartridge, 1305-01-380-5862, a260
12 Gage Shotgun Dummy Cartridge, 1305-01-380-3255, a974
7.62 Millimeter Cartridge, 1305-01-379-1539, a976
12 Gage Shotgun Cartridge, 1305-01-374-4078, a975
20 Millimeter Dummy Cartridge, 1305-01-371-5435, a967
9 Millimeter Cartridge, 1305-01-370-9432, a080
Caliber .50 Cartridge, 1305-01-370-2594, a075
Tube And Strap Asse, 1305-01-368-5538, a111
25 Millimeter Cartridge, 1305-01-367-2911, a940
5.56 Millimeter Cartridge, 1305-01-363-7560, a986
5.56 Millimeter Cartridge, 1305-01-361-8038, a610
9 Millimeter Cartridge, 1305-01-357-8488, a989
25 Millimeter Cartridge, 1305-01-356-9838, a260
25 Millimeter Cartridge, 1305-01-356-9083, a518
9 Millimeter Cartridge, 1305-01-356-7384, a517
25 Millimeter Cartridge, 1305-01-356-0189, null
25 Millimeter Cartridge, 1305-01-356-0188, null
25 Millimeter Dummy Cartridge, 1305-01-356-0187, null
5.56 Millimeter Blank Cartridge, 1305-01-355-3384, null
5.56 Millimeter Blank Cartridge, 1305-01-354-0739, null
7.62 Millimeter Blank Cartridge, 1305-01-353-3274, null
25 Millimeter Cartridge, 1305-01-352-5649, null
Cartridge Case, 1305-01-352-0408, null
Practice 20 Millimeter Cartridge, 1305-01-350-9580, null
Practice 25 Millimeter Cartridge, 1305-01-350-5265, null
25 Millimeter Cartridge, 1305-01-348-0192, null
12 Gage Shotgun Cartridge, 1305-01-344-1450, null
Caliber .50 Cartridge, 1305-01-339-8028, null
20 Millimeter Projectile, 1305-01-339-2265, null
20 Millimeter Projectile, 1305-01-339-2264, null
25 Millimeter Cartridge, 1305-01-333-8476, null
9 Millimeter Cartridge, 1305-01-333-3929, null
Caliber .50 Cartridge, 1305-01-332-8254, null
Caliber .50 Cartridge, 1305-01-332-8253, null
Caliber .50 Cartridge, 1305-01-332-8252, a516
Cartridge Link, 1305-01-331-4422, a761
Cartridge Link, 1305-01-331-4421, a762
20 Millimeter Cartridge, 1305-01-331-1827, a781
20 Millimeter Cartridge, 1305-01-330-9494, a987
20 Millimeter Dummy Cartridge, 1305-01-328-5877, a988
25 Millimeter Cartridge, 1305-01-326-5425, a763
25 Millimeter Cartridge, 1305-01-325-7036, a358
20 Millimeter Cartridge, 1305-01-323-1525, a986
20 Millimeter Projectile, 1305-01-316-7026, a986
30mm Projectile, 1305-01-316-3633, a986
Caliber .50 Cartridge, 1305-01-315-9322, a985
9 Millimeter Cartridge, 1305-01-307-5536, a940
25 Millimeter Cartridge, 1305-01-306-2702, a984
25 Millimeter Cartridge, 1305-01-305-8845, a063
25 Millimeter Cartridge, 1305-01-304-9977, b083
25 Millimeter Cartridge, 1305-01-299-1674, a406
Practice 25 Millimeter Cartridge, 1305-01-298-6414, a692
25 Millimeter Cartridge, 1305-01-297-9668, a065
5.56 Millimeter Cartridge, 1305-01-293-2132, a940
Cartridge Link, 1305-01-290-0714, a710
Caliber .38 Special Cartridge, 1305-01-289-1949, a024
20 Millimeter Cartridge, 1305-01-288-4978, a023
5.56 Millimeter Cartridge, 1305-01-287-9659, b021
10 Gage Blank Cartridge, 1305-01-286-9318, b025
Practice 25 Millimeter Cartridge, 1305-01-286-5185, a519
Cartridge Link, 1305-01-284-4116, b026
20 Millimeter Cartridge, 1305-01-283-2134, b027
12 Gage Shotgun Cartridge, 1305-01-282-1257, b023
12 Gage Shotgun Cartridge, 1305-01-282-1256, b149
30 Millimeter Cartridge, 1305-01-279-6177, b024
30 Millimeter Cartridge, 1305-01-278-6881, b022
Caliber .50 Cartridge, 1305-01-278-6880, null
Barrel Set, 1305-01-278-6657, null
30 Millimeter Cartridge, 1305-01-278-1144, null
30 Millimeter Cartridge, 1305-01-278-1143, null
30 Millimeter Cartridge, 1305-01-278-1142, null
30 Millimeter Cartridge, 1305-01-278-1141, null
30 Millimeter Cartridge, 1305-01-278-1140, null
30 Millimeter Cartridge, 1305-01-278-1139, null
30 Millimeter Cartridge, 1305-01-278-1138, b020
30 Millimeter Cartridge, 1305-01-278-1137, b020
30 Millimeter Cartridge, 1305-01-277-8018, b147
30 Millimeter Cartridge, 1305-01-276-6612, b149
30 Millimeter Cartridge, 1305-01-276-6611, b148
30 Millimeter Cartridge, 1305-01-276-6610, b146
30 Millimeter Cartridge, 1305-01-276-6609, b146
30 Millimeter Cartridge, 1305-01-276-6608, b145
30 Millimeter Cartridge, 1305-01-276-6607, b144
30 Millimeter Cartridge, 1305-01-276-6606, b143
30 Millimeter Cartridge, 1305-01-276-6605, b143
7.62 Millimeter Blank Cartridge, 1305-01-276-0555, a111
5.56 Millimeter Blank Cartridge, 1305-01-274-0216, a075
5.56 Millimeter Blank Cartridge, 1305-01-274-0215, a080
7.62 Millimeter Blank Cartridge, 1305-01-274-0213, a112
7.62 Millimeter Cartridge, 1305-01-272-7742, a981
25 Millimeter Cartridge, 1305-01-271-7782, b137
30 Millimeter Cartridge, 1305-01-270-7800, a595
Caliber .50 Cartridge, 1305-01-270-2875, a982
25 Millimeter Cartridge, 1305-01-270-2318, a603
20 Millimeter Cartridge, 1305-01-270-2182, b129
Caliber .50 Cartridge, 1305-01-270-1116, b140
30 Millimeter Cartridge, 1305-01-268-9373, b118
30 Millimeter Cartridge, 1305-01-268-7275, b133
30 Millimeter Cartridge, 1305-01-268-7274, a608
30 Millimeter Dummy Cartridge, 1305-01-268-7273, b137
Caliber .50 Cartridge, 1305-01-267-2171, b138
30 Millimeter Cartridge, 1305-01-266-9572, b139
30 Millimeter Cartridge, 1305-01-266-9571, b140
30 Millimeter Cartridge, 1305-01-266-9570, b141
30 Millimeter Cartridge, 1305-01-266-9569, b142
30 Millimeter Cartridge, 1305-01-266-9568, a968
30 Millimeter Cartridge, 1305-01-266-9567, a924
25 Millimeter Dummy Cartridge, 1305-01-265-6660, a413
20 Millimeter Dummy Cartridge, 1305-01-264-9106, a075
20 Millimeter Projectile, 1305-01-264-6495, null
Cartridge Link, 1305-01-263-6803, null
Cartridge Link, 1305-01-263-6802, null
Caliber .38 Special Cartridge, 1305-01-262-5008, null
5.56 Millimeter Blank Cartridge, 1305-01-258-8694, null
5.56 Millimeter Cartridge, 1305-01-258-8693, a072
5.56 Millimeter Cartridge, 1305-01-258-8692, a062
Caliber .22 Cartridge, 1305-01-257-2559, a106
Caliber .22 Cartridge, 1305-01-257-1094, a093
25 Millimeter Cartridge, 1305-01-256-9678, a107
Caliber .22 Cartridge, 1305-01-256-0324, a091
Caliber .22 Cartridge, 1305-01-255-9109, a071
5.56 Millimeter Cartridge, 1305-01-255-6276, a979
20 Millimeter Cartridge, 1305-01-252-9814, a608
5.56 Millimeter Cartridge, 1305-01-252-0153, a606
20 Millimeter Cartridge, 1305-01-251-7837, a978
25 Millimeter Cartridge, 1305-01-251-2582, a982
Caliber .50 Cartridge, 1305-01-251-2581, a014
Caliber .50 Cartridge, 1305-01-250-8162, a011
Practice 25 Millimeter Cartridge, 1305-01-250-0101, a017
25 Millimeter Cartridge, 1305-01-250-0100, b103
Caliber .50 Cartridge, 1305-01-249-6888, b116
5.56 Millimeter Cartridge, 1305-01-245-8941, b104
20 Millimeter Projectile, 1305-01-245-8890, a772
Obturating Cup, 1305-01-245-8885, a764
Caliber 50 Bullet, 1305-01-245-4194, b116
Projectile Case, 1305-01-242-6567, b104
30 Millimeter Projectile, 1305-01-236-8306, b103
30 Millimeter Projectile, 1305-01-234-9096, a983
12 Gage Shotgun Cartridge, 1305-01-232-8339, null
12 Gage Shotgun Cartridge, 1305-01-232-8338, null
12 Gage Shotgun Cartridge, 1305-01-232-7415, null
30 Millimeter Cartridge, 1305-01-232-6180, null
30 Millimeter Cartridge, 1305-01-232-4200, null
30 Millimeter Cartridge, 1305-01-232-4199, null
Practice 20 Millimeter Cartridge, 1305-01-231-5892, null
20 Millimeter Cartridge, 1305-01-230-3932, null
9 Milli Rifle Spotting Cartridge, 1305-01-227-8869, null
30 Millimeter Cartridge, 1305-01-225-8204, null
30 Millimeter Cartridge, 1305-01-225-8203, null
30 Millimeter Cartridge, 1305-01-225-8202, null
30 Millimeter Test Barrel, 1305-01-223-3682, null
30 Millimeter Test Barrel, 1305-01-223-3681, null
9 Milli Rifle Spotting Cartridge, 1305-01-223-0933, null
25 Millimeter Cartridge, 1305-01-219-7970, null
9 Millimeter Cartridge, 1305-01-214-8684, a358
20 Millimeter Cartridge, 1305-01-213-9658, a677
20 Millimeter Cartridge, 1305-01-213-9657, a679
20 Millimeter Cartridge, 1305-01-213-9656, a678
25 Millimeter Dummy Cartridge, 1305-01-213-9468, a967
Container Handle, 1305-01-213-5586, b098
Cartridge Link, 1305-01-212-9166, a976
25 Millimeter Cartridge, 1305-01-212-5066, a967
25 Millimeter Dummy Cartridge, 1305-01-212-2155, a890
25 Millimeter Cartridge, 1305-01-211-8360, a981
Latch Assembly, 1305-01-211-6494, a978
20 Millimeter Cartridge, 1305-01-211-6248, a701
25 Millimeter Cartridge, 1305-01-211-2581, a890
Practice 25 Millimeter Cartridge, 1305-01-210-6802, a967
20 Millimeter Cartridge, 1305-01-209-9082, a966
20 Millimeter Cartridge, 1305-01-209-9081, a967
25 Millimeter Cartridge, 1305-01-209-5915, a701
25 Millimeter Dummy Cartridge, 1305-01-209-5914, a359
25 Millimeter Dummy Cartridge, 1305-01-209-5913, a982
25 Millimeter Dummy Cartridge, 1305-01-209-5912, a981
20 Millimeter Cartridge, 1305-01-209-4292, a090
9 Millimeter Dummy Cartridge, 1305-01-206-8351, b073
25 Millimeter Cartridge, 1305-01-199-6737, a975
25 Millimeter Cartridge, 1305-01-198-2191, a975
Caliber .22 Cartridge, 1305-01-197-5038, a676
Cartridge Link, 1305-01-194-5729, a111
25 Millimeter Cartridge, 1305-01-190-8508, b136
25 Millimeter Cartridge, 1305-01-190-8507, a690
20 Millimeter Cartridge, 1305-01-185-3265, a689
7.62 Millimeter Blank Cartridge, 1305-01-181-1750, a684
30 Millimeter Cartridge, 1305-01-181-1295, a691
Magazine Assembly, 1305-01-180-3507, a688
Practice 22 Millimeter Subcaliber Cartridge, 1305-01-178-5874, a687
Practice 22 Millimeter Subcaliber Cartridge, 1305-01-178-5283, a686
Practice 22 Millimeter Subcaliber Cartridge, 1305-01-178-5282, null
Magazine Assembly, 1305-01-176-1125, null
Practice 22 Millimeter Subcaliber Cartridge, 1305-01-175-7771, null
Practice 22 Millimeter Subcaliber Cartridge, 1305-01-175-5298, null
Practice 22 Millimeter Subcaliber Cartridge, 1305-01-175-5297, null
Practice 22 Millimeter Subcaliber Cartridge, 1305-01-175-5296, null
Practice 22 Millimeter Subcaliber Cartridge, 1305-01-175-5295, a685
5.56 Millimeter Blank Cartridge, 1305-01-174-9278, a075
5.56 Millimeter Cartridge, 1305-01-174-9277, a062
9 Millimeter Cartridge, 1305-01-173-2397, a364
9 Millimeter Cartridge, 1305-01-172-9558, a363
Ammunition Tube Strap, 1305-01-169-3597, b135
30 Millimeter Cartridge, 1305-01-168-0538, b134
Suppressor Assembly Insert, 1305-01-167-7592, a929
30 Millimeter Dummy Cartridge, 1305-01-164-0206, b104
20 Millimeter Dummy Cartridge, 1305-01-161-7529, b103
30 Millimeter Cartridge, 1305-01-161-0623, b104
30 Millimeter Cartridge, 1305-01-161-0622, b132
30 Millimeter Cartridge, 1305-01-161-0621, b133
30 Millimeter Dummy Cartridge, 1305-01-158-4540, ax10
30 Millimeter Dummy Cartridge, 1305-01-158-4539, b103
9 Dummy Spotting Rifle Cartridge, 1305-01-158-4202, a362
30 Millimeter Cartridge, 1305-01-157-2627, a075
9 Millimeter Cartridge, 1305-01-157-2462, a075
9 Milli Spotting Rifle Cartridge, 1305-01-157-2460, a059
5.56 Millimeter Cartridge, 1305-01-156-7584, a062
Aircraft 20 Millimeter Cartridge, 1305-01-156-4536, a059
5.56 Millimeter Blank Cartridge, 1305-01-155-5464, a058
5.56 Millimeter Blank Cartridge, 1305-01-155-5463, a063
5.56 Millimeter Cartridge, 1305-01-155-5462, a058
5.56 Millimeter Cartridge, 1305-01-155-5461, b130
5.56 Millimeter Cartridge, 1305-01-155-5459, a661
5.56 Millimeter Cartridge, 1305-01-155-5458, b131
5.56 Millimeter Cartridge, 1305-01-155-5457, b129
Cartridge Subassembly, 1305-01-155-5456, b103
5.56 Millimeter Cartridge, 1305-01-155-5455, b061
30 Millimeter Cartridge, 1305-01-155-3197, b104
20 Millimeter Cartridge, 1305-01-153-1799, a067
Velocity Test Barrel, 1305-01-152-9959, null
30 Millimeter Cartridge, 1305-01-152-0421, null
30 Millimeter Cartridge, 1305-01-151-6767, null
Projectile Case, 1305-01-146-7724, null
30 Millimeter Cartridge, 1305-01-146-1530, null
Cartridge Link, 1305-01-145-4721, null
30 Millimeter Cartridge, 1305-01-144-9301, null
5.56 Millimeter Cartridge, 1305-01-143-8592, null
5.56 Millimeter Blank Cartridge, 1305-01-141-7233, b116
30 Millimeter Cartridge, 1305-01-141-6054, b116
30 Millimeter Cartridge, 1305-01-140-8530, a085
Caliber .22 Blank Cartridge, 1305-01-137-1677, a980
25 Millimeter Cartridge, 1305-01-136-3624, a979
25 Millimeter Cartridge, 1305-01-136-3623, a978
25 Millimeter Cartridge, 1305-01-136-3622, a968
25 Millimeter Dummy Cartridge, 1305-01-136-3620, a523
20 Millimeter Cartridge, 1305-01-135-2582, a320
Caliber .50 Cartridge, 1305-01-131-7822, a595
5.56 Millimeter Cartridge, 1305-01-131-5246, b073
Bandoleer, 1305-01-131-5209, a603
Caliber 38 Pressure Test Barrel, 1305-01-128-9929, a817
Caliber .50 Cartridge, 1305-01-127-7870, a090
Caliber 38 Velocity Test Barrel, 1305-01-127-5174, a171
Caliber 38 Accuracy Barrel, 1305-01-127-5173, a891
762 Millimeter Bullet, 1305-01-127-1685, a919
Cartridge Link, 1305-01-126-9924, a651
20 Millimeter Projectile, 1305-01-126-9853, a659
Cartridge Link, 1305-01-126-8406, a890
Caliber .50 Cartridge, 1305-01-126-6201, a662
Caliber .50 Cartridge, 1305-01-126-6200, a890
Practice 7.62 Millimeter Cartridge, 1305-01-126-3901, a665
762 Millimeter Bullet, 1305-01-124-7375, null
Cartridge Case, 1305-01-124-0333, null
762 Millimeter Bullet, 1305-01-123-5045, null
Cup And Skirt Loading Assembly, 1305-01-122-9903, null
20 Millimeter Cartridge, 1305-01-120-4106, null
Caliber .22 Cartridge, 1305-01-120-4105, null
7.62 Millimeter Cartridge, 1305-01-120-0970, null
20 Millimeter Cartridge, 1305-01-119-8548, null
20 Millimeter Cartridge, 1305-01-119-7862, null
20 Millimeter Cartridge, 1305-01-119-6068, null
20 Millimeter Cartridge, 1305-01-118-9930, null
20 Millimeter Cartridge, 1305-01-118-9929, null
20 Millimeter Cartridge, 1305-01-118-9928, null
20 Millimeter Cartridge, 1305-01-117-5317, null
20 Millimeter Cartridge, 1305-01-117-5316, null
20 Millimeter Cartridge, 1305-01-117-5315, null
20 Millimeter Cartridge, 1305-01-116-9529, null
5.56 Millimeter Cartridge, 1305-01-116-4959, a065
20 Millimeter Cartridge, 1305-01-116-4560, a891
20 Millimeter Cartridge, 1305-01-116-3936, a953
20 Millimeter Cartridge, 1305-01-116-3935, a701
20 Millimeter Cartridge, 1305-01-116-3934, a663
20 Millimeter Cartridge, 1305-01-116-3933, a852
20 Millimeter Cartridge, 1305-01-116-3932, a890
20 Millimeter Cartridge, 1305-01-116-3931, a892
20 Millimeter Cartridge, 1305-01-116-3930, a751
20 Millimeter Cartridge, 1305-01-116-3929, a666
20 Millimeter Cartridge, 1305-01-116-3928, a792
20 Millimeter Cartridge, 1305-01-116-3927, a792
20 Millimeter Cartridge, 1305-01-116-3926, a924
20 Millimeter Cartridge, 1305-01-116-3925, b103
20 Millimeter Cartridge, 1305-01-116-3924, b127
20 Millimeter Dummy Cartridge, 1305-01-116-3923, a966
30 Millimeter Cartridge, 1305-01-113-2462, a967
30 Millimeter Cartridge, 1305-01-111-6977, a967
Cartridge Case Cup, 1305-01-110-5510, b104
30 Millimeter Cartridge, 1305-01-109-6985, a974
Rotor Detent Spring, 1305-01-109-6856, b103
25 Millimeter Dummy Cartridge, 1305-01-105-4097, a975
25 Millimeter Dummy Cartridge, 1305-01-105-4096, a977
25 Millimeter Dummy Cartridge, 1305-01-105-4095, b116
7.62 Millimeter Cartridge, 1305-01-098-9652, b103
Cartridge Case, 1305-01-098-3961, a976
30 Millimeter Cartridge, 1305-01-095-9650, b127
25 Millimeter Cartridge, 1305-01-095-6014, null
30 Millimeter Cartridge, 1305-01-095-1062, null
25 Millimeter Cartridge, 1305-01-095-0248, null
25 Millimeter Cartridge, 1305-01-094-7016, null
25 Millimeter Cartridge, 1305-01-094-5295, null
25 Millimeter Cartridge, 1305-01-094-1035, null
30 Millimeter Cartridge, 1305-01-093-9568, null
30 Millimeter Cartridge, 1305-01-093-3340, null
30 Millimeter Cartridge, 1305-01-093-3339, null
30 Millimeter Cartridge, 1305-01-093-3338, null
25 Millimeter Cartridge, 1305-01-092-0429, null
25 Millimeter Cartridge, 1305-01-092-0428, null
30 Millimeter Cartridge, 1305-01-090-7526, null
20 Millimeter Cartridge, 1305-01-087-6742, a675
Caliber .50 Blank Cartridge, 1305-01-085-5118, a599
Caliber .50 Cartridge, 1305-01-085-2460, b103
Suspension Link Assembly, 1305-01-084-9004, a965
30 Millimeter Dummy Cartridge, 1305-01-083-7498, a412
30 Millimeter Cartridge, 1305-01-083-5998, b125
Decoy 25.4 Millimeter Cartridge, 1305-01-082-8986, b123
Caliber .38 Special Cartridge, 1305-01-082-1233, b124
30 Millimeter Cartridge, 1305-01-081-3341, b118
30 Millimeter Cartridge, 1305-01-081-3340, b118
30 Millimeter Cartridge, 1305-01-081-1636, b120
30 Millimeter Cartridge, 1305-01-080-9416, a598
Ammunition Tube Strap, 1305-01-079-7636, b119
Ammunition Tube, 1305-01-079-7635, b126
Cont Tube And Strapping Assembly, 1305-01-079-7634, b102
30 Millimeter Cartridge, 1305-01-079-5386, a857
30 Millimeter Cartridge, 1305-01-078-5505, b099
Caliber .50 Blank Cartridge, 1305-01-078-4879, b116
30 Millimeter Cartridge, 1305-01-077-2932, b117
30 Millimeter Cartridge, 1305-01-063-2168, b104
30 Millimeter Cartridge, 1305-01-063-2167, b103
30 Millimeter Cartridge, 1305-01-062-0071, b076
30 Millimeter Cartridge, 1305-01-062-0070, null
30 Millimeter Cartridge, 1305-01-061-2214, null
20 Millimeter Cartridge, 1305-01-061-2213, null
30 Millimeter Cartridge, 1305-01-059-2594, null
Cup Bullet Jacket, 1305-01-058-4920, null
Projectile Tracer, 1305-01-058-1651, null
30 Millimeter Dummy Cartridge, 1305-01-057-7916, null
30 Millimeter Dummy Cartridge, 1305-01-057-7915, null
30 Millimeter Cartridge, 1305-01-057-7914, null
30 Millimeter Cartridge, 1305-01-057-7913, null
30 Millimeter Cartridge, 1305-01-057-7912, null
30 Millimeter Cartridge, 1305-01-057-5335, null
30 Millimeter Cartridge, 1305-01-056-4907, null
30 Millimeter Cartridge, 1305-01-056-4626, null
Cartridge Link, 1305-01-054-5193, null
Projectile Tracer, 1305-01-054-5181, null
20 Millimeter Projectile, 1305-01-054-5174, null
Cartridge Case, 1305-01-054-5169, null
20 Millimeter Projectile, 1305-01-054-5168, a011
Cartridge Case, 1305-01-054-5156, a052
Projectile Case, 1305-01-054-5108, a057
Ammo Feed-27mm Link, 1305-01-052-7445, a046
Ammo Feed-27mm Link, 1305-01-052-7444, a007
Projectile Case, 1305-01-051-0595, a006
Projectile Case, 1305-01-050-8849, a005
Projectile Case, 1305-01-050-8848, a004
Projectile Case, 1305-01-050-8847, a003
Projectile Case, 1305-01-050-8846, a002
20 Millimeter Dummy Projectile, 1305-01-050-8845, a001
Cartridge Case, 1305-01-050-8844, a191
20 Millimeter Projectile, 1305-01-050-8843, a190
20 Millimeter Projectile, 1305-01-050-8842, a169
Cartridge Case, 1305-01-050-2588, a098
Cartridge Case, 1305-01-050-2587, a097
Projectile Nose, 1305-01-050-2586, a170
Projectile Case, 1305-01-050-2585, null
20 Millimeter Projectile, 1305-01-050-2584, null
Projectile Closure Disc, 1305-01-049-1408, null
12 Gage Shotgun Cartridge, 1305-01-043-8343, null
30 Millimeter Cartridge, 1305-01-023-1909, null
30 Millimeter Cartridge, 1305-01-023-1908, null
30 Millimeter Cartridge, 1305-01-023-1907, null
.410 Gage Shotgun Cartridge, 1305-01-018-1558, null
28 Gage Shotgun Cartridge, 1305-01-018-1557, null
20 Gage Shotgun Cartridge, 1305-01-018-1556, null
12 Gage Shotgun Cartridge, 1305-01-018-1555, null
12 Gage Shotgun Cartridge, 1305-01-018-1554, null
12 Gage Shotgun Cartridge, 1305-01-018-1553, null
12 Gage Shotgun Cartridge, 1305-01-018-1552, null
12 Gage Shotgun Cartridge, 1305-01-018-1551, null
12 Gage Shotgun Cartridge, 1305-01-018-1550, null
12 Gage Shotgun Cartridge, 1305-01-018-1549, null
Cartridge 300 Caliber Win Mag, 1305-01-018-1547, null
Caliber .30 Cartridge, 1305-01-018-1546, null
7.62 Millimeter Cartridge, 1305-01-018-1545, null
Caliber .22 Cartridge, 1305-01-018-1544, null
Caliber .22 Cartridge, 1305-01-018-1543, null
7.62 Millimeter Cartridge, 1305-01-018-1541, null
Caliber .32 Cartridge, 1305-01-018-1540, a348
Caliber .22 Cartridge, 1305-01-018-1539, a095
Caliber .45 Cartridge, 1305-01-018-1538, a471
Caliber .45 Cartridge, 1305-01-018-1537, a470
Caliber .38 Special Cartridge, 1305-01-018-1536, a407
5.56 Millimeter Cartridge, 1305-01-015-6185, a071
20 Millimeter Cartridge, 1305-01-011-6324, a701
20 Millimeter Cartridge, 1305-01-010-0258, a862
20 Millimeter Cartridge, 1305-01-003-2461, a112
7.62 Millimeter Blank Cartridge, 1305-00-990-5594, a314
Cartridge Link, 1305-00-986-0263, a066
Bandoleer, 1305-00-984-1125, b083
5.56 Millimeter Cartridge, 1305-00-968-5892, a316
Cartridge Link, 1305-00-965-0859, a068
Cartridge Link, 1305-00-965-0853, a648
Bandoleer, 1305-00-965-0834, a924
5.56 Millimeter Cartridge, 1305-00-965-0832, a066
7.62 Millimeter Cartridge, 1305-00-965-0812, a777
20 Millimeter Dummy Cartridge, 1305-00-965-0794, a149
5.56 Millimeter Cartridge, 1305-00-965-0775, a919
20 Millimeter Cartridge, 1305-00-965-0748, a926
7.62 Millimeter Cartridge, 1305-00-965-0601, a579
20 Millimeter Cartridge, 1305-00-965-0560, a532
20 Millimeter Cartridge, 1305-00-965-0559, a162
Caliber .50 Cartridge, 1305-00-965-0553, a230
20 Millimeter Projectile, 1305-00-961-8492, a167
Caliber .50 Cartridge, 1305-00-954-1323, a166
7.62 Millimeter Dummy Cartridge, 1305-00-943-0448, a164
Caliber .30 Cartridge, 1305-00-935-9298, b083
7.62 Millimeter Cartridge, 1305-00-935-9290, a890
7.62 Millimeter Cartridge, 1305-00-935-9289, a653
5.56 Millimeter Cartridge, 1305-00-935-9253, a659
7.62 Millimeter Cartridge, 1305-00-935-9247, a360
Cartridge Link, 1305-00-935-9219, a070
20 Millimeter Cartridge, 1305-00-935-9104, a574
20 Millimeter Cartridge, 1305-00-935-6188, null
20 Millimeter Cartridge, 1305-00-935-6171, null
9 Millimeter Cartridge, 1305-00-935-6164, null
5.56 Millimeter Cartridge, 1305-00-935-6148, null
Caliber .50 Cartridge, 1305-00-935-6067, null
20 Millimeter Cartridge, 1305-00-935-6060, a894
20 Millimeter Cartridge, 1305-00-935-6059, a852
Caliber .50 Cartridge, 1305-00-935-2109, a605
Cartridge Link, 1305-00-935-2048, a641
20 Millimeter Cartridge, 1305-00-935-2019, a892
Caliber .50 Cartridge, 1305-00-935-2017, a781
20 Millimeter Dummy Cartridge, 1305-00-935-1964, a889
20 Millimeter Cartridge, 1305-00-935-1944, a895
20 Millimeter Dummy Cartridge, 1305-00-935-1915, a014
20 Millimeter Cartridge, 1305-00-934-8880, a896
20 Millimeter Cartridge, 1305-00-934-8879, a080
20 Millimeter Cartridge, 1305-00-934-8878, a792
12 Gage Shotgun Cartridge, 1305-00-929-8842, a791
12 Gage Shotgun Cartridge, 1305-00-928-4485, a657
20 Millimeter Cartridge, 1305-00-926-9421, a655
5.56 Millimeter Blank Cartridge, 1305-00-926-9302, a140
20 Millimeter Cartridge, 1305-00-926-9279, a159
20 Millimeter Cartridge, 1305-00-926-9278, a066
20 Millimeter Cartridge, 1305-00-926-4060, a181
20 Millimeter Cartridge, 1305-00-926-4059, a790
20 Millimeter Cartridge, 1305-00-926-4058, a789
7.62 Millimeter Cartridge, 1305-00-926-4017, a787
7.62 Millimeter Dummy Cartridge, 1305-00-926-4009, a786
5.56 Millimeter Cartridge, 1305-00-926-3970, a201
Caliber .30 Carbine Cartridge, 1305-00-926-3963, a071
20 Millimeter Cartridge, 1305-00-926-3947, a072
20 Millimeter Cartridge, 1305-00-926-3946, b076
20 Millimeter Cartridge, 1305-00-926-3945, a076
20 Millimeter Cartridge, 1305-00-926-3943, a317
7.62 Millimeter Cartridge, 1305-00-926-3942, a367
Caliber .30 Cartridge, 1305-00-926-3933, a366
5.56 Millimeter Cartridge, 1305-00-926-3930, a365
5.56 Millimeter Cartridge, 1305-00-926-3929, a160
Cartridge Link, 1305-00-926-1939, null
5.56 Millimeter Dummy Cartridge, 1305-00-926-1876, null
Bandoleer, 1305-00-924-3088, null
14.5 Millimeter Cartridge, 1305-00-915-8593, null
14.5 Millimeter Cartridge, 1305-00-915-8588, null
14.5 Millimeter Cartridge, 1305-00-915-8573, null
Cartridge Clip, 1305-00-914-7912, null
5.56 Millimeter Cartridge, 1305-00-914-4719, a068
7.62 Millimeter Cartridge, 1305-00-914-4676, a122
7.62 Millimeter Cartridge, 1305-00-914-4675, a777
20 Millimeter Cartridge, 1305-00-911-7275, a776
20 Millimeter Cartridge, 1305-00-911-7274, a775
20 Millimeter Cartridge, 1305-00-911-7273, a765
20 Millimeter Cartridge, 1305-00-911-7272, b079
Cartridge Link, 1305-00-909-7133, b078
Cartridge Link, 1305-00-909-7132, b077
Cartridge Link, 1305-00-909-7131, a479
Caliber .45 Cartridge, 1305-00-905-6788, a086
7.62 Millimeter Cartridge, 1305-00-892-6155, a647
Caliber .22 Cartridge, 1305-00-892-5005, 533-
Cartridge Link, 1305-00-892-4879, a145
20 Millimeter Cartridge, 1305-00-892-4321, a247
12 Gage Shotgun Cartridge, 1305-00-892-4254, a122
7.62 Millimeter Cartridge, 1305-00-892-4242, a483
Caliber .45 Cartridge, 1305-00-892-4230, a146
7.62 Millimeter Cartridge, 1305-00-892-4211, a143
Caliber .30 Cartridge, 1305-00-892-4157, a953
7.62 Millimeter Cartridge, 1305-00-892-4152, a894
Caliber .45 Cartridge, 1305-00-892-2526, a216
7.62 Millimeter Cartridge, 1305-00-892-2335, a646
7.62 Millimeter Cartridge, 1305-00-892-2330, a152
20 Millimeter Cartridge, 1305-00-892-2162, a953
20 Millimeter Cartridge, 1305-00-892-2161, a852
7.62 Millimeter Cartridge, 1305-00-892-2150, a807
Caliber .30 Cartridge, 1305-00-892-1562, a124
Cartridge Link, 1305-00-892-1508, a112
7.62 Millimeter Cartridge, 1305-00-889-2169, a360
7.62 Millimeter Cartridge, 1305-00-889-2168, a884
20 Millimeter Cartridge, 1305-00-889-2043, a919
20 Millimeter Cartridge, 1305-00-889-2042, a918
20 Millimeter Dummy Cartridge, 1305-00-884-2227, null
7.62 Millimeter Cartridge, 1305-00-882-5678, null
7.62 Millimeter Blank Cartridge, 1305-00-882-5677, null
9 Millimeter Cartridge, 1305-00-855-5991, null
20 Millimeter Cartridge, 1305-00-850-3986, null
20 Millimeter Cartridge, 1305-00-850-3676, null
20 Millimeter Cartridge, 1305-00-849-4535, null
Caliber .30 Blank Cartridge, 1305-00-847-3178, a223
Caliber .30 Cartridge, 1305-00-846-3759, a219
20 Millimeter Cartridge, 1305-00-839-1302, a874
20 Millimeter Cartridge, 1305-00-839-1299, a871
20 Millimeter Cartridge, 1305-00-839-1297, a873
20 Millimeter Cartridge, 1305-00-839-1295, a872
7.62 Millimeter Cartridge, 1305-00-828-8907, a140
Caliber .22 Cartridge, 1305-00-819-6017, a086
Caliber .30 Blank Cartridge, 1305-00-819-3693, a222
Caliber .30 Cartridge, 1305-00-819-0250, a214
Caliber .22 Cartridge, 1305-00-818-3795, a557
Caliber .50 Cartridge, 1305-00-817-9661, a201
Caliber .30 Cartridge, 1305-00-814-4608, a201
Caliber .30 Cartridge, 1305-00-814-4607, a403
Caliber .38 Special Blank Cartridge, 1305-00-810-8250, a091
Caliber .22 Cartridge, 1305-00-810-8249, a091
Caliber .22 Cartridge, 1305-00-810-8248, a924
20 Millimeter Dummy Cartridge, 1305-00-799-8669, a209
Caliber .30 Cartridge, 1305-00-790-2597, a652
Caliber .30 Cartridge, 1305-00-790-2593, a651
20 Millimeter Cartridge, 1305-00-785-2848, a658
20 Millimeter Cartridge, 1305-00-785-2829, a020
20 Millimeter Cartridge, 1305-00-783-5482, a150
12 Gage Shotgun Cartridge, 1305-00-782-9616, a400
7.62 Millimeter Cartridge, 1305-00-782-5831, a475
Caliber .38 Special Cartridge, 1305-00-776-4640, a066
Caliber .45 Cartridge, 1305-00-776-4639, a899
5.56 Millimeter Cartridge, 1305-00-773-1257, a060
20 Millimeter Cartridge, 1305-00-766-1147, a080
20 Millimeter Cartridge, 1305-00-766-1144, a520
5.56 Millimeter Dummy Cartridge, 1305-00-764-8437, b115
5.56 Millimeter Blank Cartridge, 1305-00-764-8436, b114
Caliber .50 Cartridge, 1305-00-764-8386, a476
30 Millimeter Cartridge, 1305-00-757-4484, a130
30 Millimeter Cartridge, 1305-00-757-4480, 533-
20 Millimeter Cartridge, 1305-00-756-1675, a953
Caliber .45 Blank Cartridge, 1305-00-753-2304, null
7.62 Millimeter Cartridge, 1305-00-752-8837, null
20 Millimeter Cartridge, 1305-00-752-8833, null
20 Millimeter Cartridge, 1305-00-752-8114, null
7.62 Millimeter Blank Cartridge, 1305-00-752-8088, a110
7.62 Millimeter Blank Cartridge, 1305-00-752-8087, a111
Caliber .50 Cartridge, 1305-00-752-8040, a587
Caliber .45 Cartridge, 1305-00-752-7910, a589
Caliber .50 Cartridge, 1305-00-752-7891, b060
Cartridge Link, 1305-00-752-7815, a587
Caliber .50 Cartridge, 1305-00-752-7638, a146
7.62 Millimeter Cartridge, 1305-00-752-7596, a321
Projectile Tracer, 1305-00-732-1977, a777
Retaining Disc, 1305-00-731-9275, a807
Projectile Nose Piece, 1305-00-731-9274, a401
20 Millimeter Cartridge, 1305-00-724-4089, a093
20 Millimeter Dummy Cartridge, 1305-00-723-6996, a593
Caliber .38 Special Cartridge, 1305-00-699-1790, a590
Caliber .22 Cartridge, 1305-00-690-5118, a588
Caliber .50 Cartridge, 1305-00-689-4752, a589
Caliber .50 Cartridge, 1305-00-689-4738, a482
Caliber .50 Cartridge, 1305-00-689-4735, a811
Caliber .50 Cartridge, 1305-00-689-4709, a808
Caliber .45 Cartridge, 1305-00-684-1877, a770
Tear Gas Cartridge, 1305-00-671-1083, a585
Cartridge Case, 1305-00-657-2448, a586
20 Millimeter Cartridge, 1305-00-640-8285, a318
20 Millimeter Cartridge, 1305-00-640-8284, a222
20 Millimeter Projectile, 1305-00-628-3735, a806
20 Millimeter Projectile, 1305-00-628-3734, a809
20 Millimeter Projectile, 1305-00-628-3733, a810
20 Millimeter Cartridge, 1305-00-620-3530, a811
20 Millimeter Projectile, 1305-00-620-3498, a546
Caliber .50 Cartridge, 1305-00-618-2400, a541
Caliber .50 Cartridge, 1305-00-618-2399, null
Dummy Nose Plug, 1305-00-606-3166, null
Bandoleer, 1305-00-604-7499, null
Caliber .30 Blank Cartridge, 1305-00-602-2193, null
20 Millimeter Cartridge, 1305-00-596-9997, null
20 Millimeter Cartridge, 1305-00-596-9996, null
20 Millimeter Cartridge, 1305-00-596-9995, null
20 Millimeter Cartridge, 1305-00-596-9994, null
Caliber .50 Cartridge, 1305-00-585-5368, null
Caliber .50 Cartridge, 1305-00-585-5194, null
Caliber .50 Cartridge, 1305-00-585-5193, a541
Caliber .50 Cartridge, 1305-00-585-5191, a552
Caliber .50 Cartridge, 1305-00-585-5189, a570
Caliber .50 Cartridge, 1305-00-585-5188, a571
Caliber .50 Cartridge, 1305-00-585-5187, a093
Caliber .22 Cartridge, 1305-00-585-4945, a560
Caliber .50 Dummy Cartridge, 1305-00-585-4407, a202
Caliber .30 Cartridge, 1305-00-585-4401, a181
Caliber .30 Carbine Cartridge, 1305-00-585-4400, a222
Caliber .30 Blank Cartridge, 1305-00-585-4398, a563
Caliber .50 Cartridge, 1305-00-585-4392, a553
Caliber .50 Cartridge, 1305-00-585-4389, a532
Caliber .50 Cartridge, 1305-00-585-4387, a571
Caliber .50 Cartridge, 1305-00-585-4385, a580
Caliber .50 Cartridge, 1305-00-585-4384, a580
Caliber .50 Cartridge, 1305-00-585-4383, a526
Caliber .50 Cartridge, 1305-00-585-4380, a211
Caliber .30 Cartridge, 1305-00-585-4379, b083
Cartridge Link, 1305-00-585-3606, a587
Caliber .50 Cartridge, 1305-00-585-1667, a919
20 Millimeter Cartridge, 1305-00-580-1643, a129
7.62 Millimeter Cartridge, 1305-00-580-0131, a246
Caliber .30 Cartridge, 1305-00-565-2636, a019
12 Gage Shotgun Cartridge, 1305-00-560-2090, a776
Caliber .30 Cartridge, 1305-00-555-7738, a475
20 Millimeter Cartridge, 1305-00-555-7078, a570
Caliber .45 Cartridge, 1305-00-555-7077, a541
Caliber .50 Cartridge, 1305-00-555-7076, a570
Caliber .50 Cartridge, 1305-00-555-7075, a806
Caliber .50 Cartridge, 1305-00-555-7073, a570
20 Millimeter Cartridge, 1305-00-555-7065, a562
Caliber .50 Cartridge, 1305-00-555-7064, a562
Caliber .50 Cartridge, 1305-00-555-7063, a525
Caliber .50 Cartridge, 1305-00-555-7062, a776
Caliber .50 Cartridge, 1305-00-555-7061, a775
20 Millimeter Cartridge, 1305-00-555-7057, a531
20 Millimeter Cartridge, 1305-00-555-7056, a570
Caliber .50 Cartridge, 1305-00-555-7053, a844
Caliber .50 Cartridge, 1305-00-555-7051, null
20 Millimeter Dummy Cartridge, 1305-00-555-7013, null
Caliber .30 Carbine Cartridge, 1305-00-555-7011, a181
Caliber .50 Dummy Cartridge, 1305-00-555-6785, a560
Caliber .50 Cartridge, 1305-00-555-6783, a552
Caliber .30 Cartridge, 1305-00-555-6780, a216
Caliber .30 Cartridge, 1305-00-555-6779, a214
Caliber .30 Cartridge, 1305-00-555-6776, a205
20 Millimeter Cartridge, 1305-00-555-6765, a808
7.62 Millimeter Cartridge, 1305-00-555-4275, a130
Caliber .50 Cartridge, 1305-00-555-4272, a546
Caliber .50 Cartridge, 1305-00-555-4059, a545
Caliber .50 Cartridge, 1305-00-555-4057, a545
Caliber .50 Cartridge, 1305-00-555-4056, a584
Caliber .50 Cartridge, 1305-00-555-4055, a545
Caliber .45 Cartridge, 1305-00-555-1225, a475
Caliber .50 Cartridge, 1305-00-554-6745, a574
Caliber .30 Carbine Cartridge, 1305-00-554-1335, a182
Caliber .30 Carbine Cartridge, 1305-00-554-1333, a181
Caliber .38 Special Cartridge, 1305-00-553-4779, a397
Caliber .30 Cartridge, 1305-00-546-5830, a247
Caliber .30 Cartridge, 1305-00-545-5611, a212
7.62 Millimeter Cartridge, 1305-00-542-1968, a128
7.62 Millimeter Cartridge, 1305-00-542-1967, a128
7.62 Millimeter Dummy Cartridge, 1305-00-542-1272, a135
Caliber .38 Special Cartridge, 1305-00-542-1257, a130
Caliber .38 Special Cartridge, 1305-00-542-1256, a919
7.62 Millimeter Cartridge, 1305-00-542-1219, a201
7.62 Millimeter Cartridge, 1305-00-542-1196, a555
20 Millimeter Cartridge, 1305-00-542-1120, a553
Caliber .30 Cartridge, 1305-00-542-1119, a224
Caliber .50 Cartridge, 1305-00-542-0614, a574
Caliber .50 Cartridge, 1305-00-542-0612, a890
Caliber .30 Blank Cartridge, 1305-00-542-0420, a891
Caliber .50 Cartridge, 1305-00-542-0408, a477
20 Millimeter Cartridge, 1305-00-542-0406, a349
20 Millimeter Cartridge, 1305-00-542-0405, a557
Caliber .45 Line Throwing Cartridge, 1305-00-542-0015, a551
Caliber .32 Cartridge, 1305-00-541-9841, b085
Caliber .50 Cartridge, 1305-00-541-9834, null
Caliber .50 Cartridge, 1305-00-541-0062, null
Cartridge Link, 1305-00-541-0021, null
Caliber .30 Cartridge, 1305-00-540-9646, a211
Caliber .50 Cartridge, 1305-00-540-9645, a577
Caliber .30 Cartridge, 1305-00-540-9481, a231
Caliber .30 Cartridge, 1305-00-540-9478, a209
Caliber .30 Cartridge, 1305-00-540-9472, a219
Caliber .30 Cartridge, 1305-00-540-9461, a212
Caliber .45 Cartridge, 1305-00-540-9227, a475
12 Gage Shotgun Cartridge, 1305-00-540-9213, a011
Caliber .30 Carbine Cartridge, 1305-00-540-9132, a181
Caliber .45 Cartridge, 1305-00-540-7862, a482
20 Millimeter Cartridge, 1305-00-540-7502, a812
Caliber .50 Cartridge, 1305-00-540-7495, a551
Caliber .30 Cartridge, 1305-00-540-7209, a202
Caliber .30 Blank Cartridge, 1305-00-540-7204, a224
Cartridge Link, 1305-00-540-4999, b084
Caliber .50 Cartridge, 1305-00-540-1056, a557
Caliber .22 Hornet Cartridge, 1305-00-529-8878, a087
Caliber .30 Blank Cartridge, 1305-00-529-8244, a242
Caliber .32 Line Throwing Cartridge, 1305-00-529-7173, a352
7.62 Millimeter Cartridge, 1305-00-529-0591, a655
20 Millimeter Cartridge, 1305-00-522-3707, a652
20 Millimeter Cartridge, 1305-00-522-3701, a651
20 Millimeter Cartridge, 1305-00-522-3700, a501
Caliber .45 Dummy Cartridge, 1305-00-516-5234, a765
20 Millimeter Cartridge, 1305-00-516-1425, b081
Cartridge Link, 1305-00-516-1424, a661
20 Millimeter Cartridge, 1305-00-497-0121, a662
20 Millimeter Cartridge, 1305-00-497-0120, a808
20 Millimeter Cartridge, 1305-00-484-1392, b093
Cartridge Link, 1305-00-480-8083, a159
Caliber .50 Cartridge, 1305-00-470-7521, a767
7.62 Millimeter Dummy Cartridge, 1305-00-460-2600, a365
20 Millimeter Cartridge, 1305-00-459-4383, a367
14.5 Millimeter Cartridge, 1305-00-451-8203, a366
14.5 Millimeter Cartridge, 1305-00-451-2895, a131
14.5 Millimeter Cartridge, 1305-00-451-2894, a788
7.62 Millimeter Cartridge, 1305-00-449-8055, b104
20 Millimeter Cartridge, 1305-00-442-6532, null
20 Millimeter Cartridge, 1305-00-433-2325, null
30 Millimeter Cartridge, 1305-00-416-5814, null
30 Millimeter Cartridge, 1305-00-416-5813, b116
30 Millimeter Cartridge, 1305-00-416-5809, b128
30 Millimeter Dummy Cartridge, 1305-00-416-5801, b099
20 Millimeter Cartridge, 1305-00-407-7031, a790
20 Millimeter Cartridge, 1305-00-401-1536, a792
Caliber .45 Line Throwing Cartridge, 1305-00-353-6742, a477
Caliber .38 Special Cartridge, 1305-00-348-8650, a404
Caliber .45 Cartridge, 1305-00-348-8649, 421-
Caliber .380 Cartridge, 1305-00-344-2404, a481
Caliber .38 Cartridge, 1305-00-344-2400, a415
Caliber .45 Cartridge, 1305-00-344-2398, a409
Caliber .30 Dummy Cartridge, 1305-00-344-2397, a480
Caliber .50 Cartridge, 1305-00-344-2394, a226
7.62 Millimeter Blank Cartridge, 1305-00-341-5129, a533
Practice 22 Millimeter Subcaliber Cartridge, 1305-00-334-5935, a111
Practice 22 Millimeter Subcaliber Cartridge, 1305-00-334-5934, a683
Practice 22 Millimeter Subcaliber Cartridge, 1305-00-334-5922, a682
Practice 22 Millimeter Subcaliber Cartridge, 1305-00-334-5920, a681
20 Millimeter Cartridge, 1305-00-324-2553, a680
Caliber .38 Special Cartridge, 1305-00-322-6391, a400
Caliber .22 Cartridge, 1305-00-322-6389, a086
Cartridge Link, 1305-00-322-6372, b089
30 Millimeter Cartridge, 1305-00-322-6359, b110
30 Millimeter Dummy Cartridge, 1305-00-322-6357, b100
Caliber .30 Cartridge, 1305-00-310-2830, a205
Caliber .30 Cartridge, 1305-00-310-2822, a211
Caliber .30 Cartridge, 1305-00-310-2817, a230
Cartridge Link, 1305-00-308-5812, a311
9 Millimeter Cartridge, 1305-00-308-5811, a360
9 Millimeter Cartridge, 1305-00-308-5810, a360
Caliber .30 Cartridge, 1305-00-308-5793, a203
Caliber .30 Cartridge, 1305-00-308-5759, a890
20 Millimeter Cartridge, 1305-00-308-5575, a892
20 Millimeter Cartridge, 1305-00-308-5569, a312
Cartridge Link, 1305-00-305-0925, a013
12 Gage Shotgun Cartridge, 1305-00-305-0916, a410
Caliber .38 Special Cartridge, 1305-00-305-0912, a544
Caliber .50 Cartridge, 1305-00-305-0910, a122
7.62 Millimeter Cartridge, 1305-00-305-0909, null
Caliber .30 Cartridge, 1305-00-305-0908, null
Caliber .30 Cartridge, 1305-00-305-0907, a238
Caliber .30 Cartridge, 1305-00-305-0904, a237
Caliber .22 Cartridge, 1305-00-305-0902, a086
Caliber .50 Cartridge, 1305-00-305-0894, a564
Caliber .30 Cartridge, 1305-00-305-0892, a238
Caliber .22 Cartridge, 1305-00-305-0890, a086
Caliber .30 Dummy Cartridge, 1305-00-301-4312, a015
12 Gage Shotgun Cartridge, 1305-00-301-1709, a014
12 Gage Shotgun Cartridge, 1305-00-301-1706, a011
12 Gage Shotgun Cartridge, 1305-00-301-1703, a011
12 Gage Shotgun Cartridge, 1305-00-301-1700, a477
Caliber .45 Line Throwing Cartridge, 1305-00-301-1697, a477
Caliber .45 Line Throwing Cartridge, 1305-00-301-1696, a406
Caliber .38 Special Cartridge, 1305-00-301-1692, a404
Caliber .38 Special Cartridge, 1305-00-301-1691, a403
Caliber .38 Special Blank Cartridge, 1305-00-301-1689, a480
Caliber .45 Cartridge, 1305-00-301-1686, a475
Caliber .45 Cartridge, 1305-00-301-1685, a475
Caliber .45 Cartridge, 1305-00-301-1683, a124
7.62 Millimeter Cartridge, 1305-00-301-1679, a234
Caliber .30 Blank Cartridge, 1305-00-301-1670, a216
Caliber .30 Cartridge, 1305-00-301-1669, a205
Caliber .30 Cartridge, 1305-00-301-1665, a182
Caliber .30 Cartridge, 1305-00-301-1664, a182
Caliber .30 Carbine Cartridge, 1305-00-301-1663, a551
Caliber .30 Carbine Cartridge, 1305-00-301-1662, a562
Caliber .30 Carbine Cartridge, 1305-00-301-1661, a562
Caliber .50 Cartridge, 1305-00-301-1647, a562
Caliber .50 Cartridge, 1305-00-301-1643, a209
Caliber .50 Cartridge, 1305-00-301-1642, a186
Caliber .50 Cartridge, 1305-00-301-1638, a844
Caliber .30 Cartridge, 1305-00-301-1613, a884
Caliber .30 Carbine Dummy Cartridge, 1305-00-301-1601, a776
20 Millimeter Dummy Cartridge, 1305-00-301-1597, a743
20 Millimeter Cartridge, 1305-00-301-1589, a214
20 Millimeter Cartridge, 1305-00-301-1587, a890
Caliber .38 Special Cartridge, 1305-00-294-2693, null
20 Millimeter Cartridge, 1305-00-294-2234, null
Caliber .30 Cartridge, 1305-00-289-6800, null
20 Millimeter Cartridge, 1305-00-262-4181, null
Cartridge Link, 1305-00-257-1091, a647
7.62 Millimeter Cartridge, 1305-00-257-1089, a143
Caliber .30 Cartridge, 1305-00-257-1088, a216
30 Millimeter Cartridge, 1305-00-255-6315, b113
30 Millimeter Cartridge, 1305-00-255-6313, b112
20 Millimeter Cartridge, 1305-00-250-0200, a855
20 Millimeter Cartridge, 1305-00-247-3728, a797
32 Blank Cartridge, 1305-00-241-4263, a802
20 Millimeter Cartridge, 1305-00-239-5937, a130
7.62 Millimeter Cartridge, 1305-00-231-4630, a748
20 Millimeter Projectile, 1305-00-231-1357, a785
20 Millimeter Cartridge, 1305-00-229-3531, a127
20 Millimeter Cartridge, 1305-00-221-6466, a055
7.62 Millimeter Cartridge, 1305-00-209-5139, a641
.410 Gage Shotgun Cartridge, 1305-00-204-0848, a675
Cartridge Link, 1305-00-203-4232, a667
20 Millimeter Cartridge, 1305-00-193-4227, a080
20 Millimeter Cartridge, 1305-00-182-3254, a664
20 Millimeter Cartridge, 1305-00-182-3250, a103
5.56 Millimeter Blank Cartridge, 1305-00-182-3217, a102
20 Millimeter Cartridge, 1305-00-182-3158, a919
20 Millimeter Cartridge, 1305-00-182-3157, a926
7.62 Millimeter Blank Cartridge, 1305-00-182-3126, b084
7.62 Millimeter Cartridge, 1305-00-182-3125, a875
7.62 Millimeter Cartridge, 1305-00-182-3096, a111
20 Millimeter Cartridge, 1305-00-182-3081, a574
20 Millimeter Cartridge, 1305-00-180-9271, a652
20 Millimeter Cartridge, 1305-00-180-9268, a781
Cartridge Link, 1305-00-179-0403, null
20 Millimeter Cartridge, 1305-00-169-8805, null
Incendiary Composition, 1305-00-169-5422, null
20 Millimeter Cartridge, 1305-00-169-1880, null
20 Millimeter Cartridge, 1305-00-169-1784, null
Accessory Kit, 1305-00-166-6386, null
7.62 Millimeter Blank Cartridge, 1305-00-166-6371, null
Caliber .50 Cartridge, 1305-00-164-5343, null
Crimping Ring, 1305-00-160-9734, null
7.62 Millimeter Cartridge, 1305-00-159-8593, null
20 Millimeter Cartridge, 1305-00-157-4886, null
20 Millimeter Dummy Cartridge, 1305-00-157-4616, null
Caliber .50 Cartridge, 1305-00-153-0269, a574
20 Millimeter Cartridge, 1305-00-152-3662, a658
20 Millimeter Cartridge, 1305-00-152-3660, a655
20 Millimeter Cartridge, 1305-00-152-3659, a792
7.62 Millimeter Cartridge, 1305-00-152-3292, a168
Dummy Cartridge, 1305-00-148-9229, a014
12 Gage Shotgun Cartridge, 1305-00-147-5568, a130
7.62 Millimeter Cartridge, 1305-00-147-2989, a017
12 Gage Shotgun Cartridge, 1305-00-146-1187, a894
Underwater Gun Projectile, 1305-00-145-7575, a852
20 Millimeter Cartridge, 1305-00-144-5545, a163
20 Millimeter Cartridge, 1305-00-144-5527, a836
7.62 Millimeter Cartridge, 1305-00-143-8486, a835
20 Millimeter Cartridge, 1305-00-143-7177, a022
20 Millimeter Cartridge, 1305-00-143-7176, a846
12 Gage Shotgun Cartridge, 1305-00-143-7169, a846
20 Millimeter Cartridge, 1305-00-143-7168, a131
20 Millimeter Cartridge, 1305-00-143-7167, a231
7.62 Millimeter Cartridge, 1305-00-143-7163, a813
Caliber .30 Cartridge, 1305-00-143-7151, a814
20 Millimeter Cartridge, 1305-00-143-7050, a653
20 Millimeter Cartridge, 1305-00-143-7049, a020
20 Millimeter Cartridge, 1305-00-143-7034, b109
12 Gage Shotgun Cartridge, 1305-00-143-7007, a796
30 Millimeter Cartridge, 1305-00-143-6969, a807
20 Millimeter Cartridge, 1305-00-143-6922, a891
20 Millimeter Dummy Cartridge, 1305-00-139-5924, a776
20 Millimeter Cartridge, 1305-00-139-5923, a776
20 Millimeter Cartridge, 1305-00-132-3283, a201
20 Millimeter Cartridge, 1305-00-127-6598, a205
20 Millimeter Cartridge, 1305-00-127-6589, a230
Caliber .30 Cartridge, 1305-00-126-3860, a575
Caliber .30 Cartridge, 1305-00-126-3856, a061
Caliber .30 Cartridge, 1305-00-126-3853, b093
Caliber .50 Cartridge, 1305-00-126-3852, a876
Caliber .38 Special Cartridge, 1305-00-123-0548, a182
Cartridge Clip, 1305-00-121-0877, null
Cartridge Link, 1305-00-116-7484, null
20 Millimeter Cartridge, 1305-00-115-5449, null
Caliber .30 Carbine Cartridge, 1305-00-102-7902, null
Cartridge Link, 1305-00-096-3181, a640
Cartridge Link, 1305-00-096-3180, 465-
Cartridge Link, 1305-00-096-3179, a641
Cartridge Link, 1305-00-096-3178, a640
Cartridge Link, 1305-00-096-3177, a640
Cartridge Link, 1305-00-096-3173, a640
Cartridge Link, 1305-00-096-3172, a311
Bandoleer, 1305-00-096-3171, a313
Cartridge Clip, 1305-00-096-3170, a301
Cartridge Clip, 1305-00-096-3169, a302
.410 Gage Shotgun Cartridge, 1305-00-096-3168, a055
12 Gage Shotgun Cartridge, 1305-00-096-3164, a017
12 Gage Shotgun Cartridge, 1305-00-096-3162, a015
12 Gage Shotgun Cartridge, 1305-00-096-3160, a011
12 Gage Shotgun Cartridge, 1305-00-096-3159, a011
12 Gage Shotgun Cartridge, 1305-00-096-3158, a011
12 Gage Shotgun Cartridge, 1305-00-096-3156, a011
12 Gage Shotgun Cartridge, 1305-00-096-3155, a011
Caliber .30 Cartridge, 1305-00-096-3152, a234
Caliber .30 Cartridge, 1305-00-096-3150, a212
Caliber .50 Cartridge, 1305-00-096-3141, a527
Caliber .30 Cartridge, 1305-00-096-3140, a205
20 Millimeter Dummy Cartridge, 1305-00-096-3090, a844
20 Millimeter Dummy Cartridge, 1305-00-096-3089, a844
Caliber .50 Blank Cartridge, 1305-00-093-3048, a558
Caliber .50 Cartridge, 1305-00-093-3036, a552
Caliber .50 Cartridge, 1305-00-093-3030, a531
Caliber .30 Dummy Cartridge, 1305-00-093-2995, a227
Caliber .30 Dummy Cartridge, 1305-00-093-2992, a227
Caliber .22 Blank Cartridge, 1305-00-093-2958, a085
Cartridge Link, 1305-00-093-2934, b087
Cartridge Link, 1305-00-093-2933, b082
Bandoleer, 1305-00-079-3579, a315
20 Millimeter Cartridge, 1305-00-078-8220, a811
20 Millimeter Cartridge, 1305-00-078-5443, a220
Caliber .30 Cartridge, 1305-00-069-0871, a066
5.56 Millimeter Cartridge, 1305-00-069-0869, a350
Caliber .32 Cartridge, 1305-00-068-4357, a415
Caliber .380 Cartridge, 1305-00-068-2006, a066
5.56 Millimeter Cartridge, 1305-00-064-6549, null
7.62 Millimeter Cartridge, 1305-00-064-2896, a136
Caliber .30 Cartridge, 1305-00-063-5747, a201
5.56 Millimeter Cartridge, 1305-00-063-0319, a070
Caliber .30 Cartridge, 1305-00-057-9578, a238
Caliber .30 Cartridge, 1305-00-057-4187, a231
5.56 Millimeter Cartridge, 1305-00-057-1876, a066
Radiation Hazard Shield, 1305-00-056-2793, a747
Cartridgexcaliber3, 1305-00-055-2174, a483
Tear Gas Cartridge, 1305-00-055-2173, a084
Cartridgexcaliber2, 1305-00-055-2154, a091
12gage Sh Cartridge, 1305-00-055-2153, a093
16gage Sh Cartridge, 1305-00-055-2152, a222
Caliber30 Cartridge, 1305-00-055-2151, a741
20 Millimeter Cartridge, 1305-00-055-1282, a744
Caliber .45 Cartridge, 1305-00-052-7459, a745
Caliber .22 Cartridge, 1305-00-049-5400, a778
Caliber .22 Cartridge, 1305-00-049-5398, a740
Caliber .22 Cartridge, 1305-00-049-5397, a746
Caliber .50 Cartridge, 1305-00-049-5125, a742
Caliber .30 Blank Cartridge, 1305-00-047-3871, a055
12 Gage Shotgun Cartridge, 1305-00-043-3598, a055
20 Millimeter Cartridge, 1305-00-039-1068, a011
20 Millimeter Cartridge, 1305-00-039-1051, a501
20 Millimeter Cartridge, 1305-00-039-1050, a501
20 Millimeter Cartridge, 1305-00-039-1049, a476
20 Millimeter Cartridge, 1305-00-039-1047, a479
20 Millimeter Cartridge, 1305-00-039-1046, a400
Cartridge Case, 1305-00-039-0605, a401
20 Millimeter Dummy Cartridge, 1305-00-038-8686, a402
.410 Gage Shotgun Cartridge, 1305-00-028-6644, a350
.410 Gage Shotgun Cartridge, 1305-00-028-6643, null
12 Gage Shotgun Cartridge, 1305-00-028-6642, null
Caliber .45 Dummy Cartridge, 1305-00-028-6641, null
Caliber .45 Dummy Cartridge, 1305-00-028-6639, null
Caliber .45 Blank Cartridge, 1305-00-028-6635, null
Caliber .45 Cartridge, 1305-00-028-6631, null
Caliber .38 Special Cartridge, 1305-00-028-6629, null
Caliber .38 Special Cartridge, 1305-00-028-6625, null
Caliber .38 Special Cartridge, 1305-00-028-6623, null
Caliber .32 Cartridge, 1305-00-028-6622, null
Caliber .45 Cartridge, 1305-00-028-6619, a475
Caliber .45 Cartridge, 1305-00-028-6618, a475
Caliber .45 Cartridge, 1305-00-028-6617, a475
Caliber .45 Cartridge, 1305-00-028-6616, a475
Caliber .45 Cartridge, 1305-00-028-6614, a475
Caliber .45 Cartridge, 1305-00-028-6613, 449-
Caliber .50 Cartridge, 1305-00-028-6611, a574
Caliber .50 Cartridge, 1305-00-028-6610, a573
Caliber .50 Cartridge, 1305-00-028-6609, a572
Caliber .50 Cartridge, 1305-00-028-6607, a571
Caliber .50 Cartridge, 1305-00-028-6605, a577
Caliber .50 Cartridge, 1305-00-028-6604, a577
Caliber .50 Cartridge, 1305-00-028-6603, a543
Caliber .50 Cartridge, 1305-00-028-6601, a543
Caliber .50 Cartridge, 1305-00-028-6600, a542
Caliber .50 Cartridge, 1305-00-028-6599, a541
Caliber .50 Cartridge, 1305-00-028-6598, a547
Caliber .50 Cartridge, 1305-00-028-6596, a564
Caliber .50 Cartridge, 1305-00-028-6594, a534
Caliber .50 Cartridge, 1305-00-028-6593, a533
Caliber .50 Cartridge, 1305-00-028-6592, a534
Caliber .50 Cartridge, 1305-00-028-6591, 451-
Caliber .50 Cartridge, 1305-00-028-6590, 451-
Caliber .50 Cartridge, 1305-00-028-6588, a557
Caliber .50 Cartridge, 1305-00-028-6587, a621
Caliber .50 Cartridge, 1305-00-028-6583, a601
Caliber .50 Cartridge, 1305-00-028-6582, a555
Caliber .50 Cartridge, 1305-00-028-6575, a601
Caliber .50 Cartridge, 1305-00-028-6574, a601
Caliber .50 Cartridge, 1305-00-028-6573, a530
Caliber .50 Cartridge, 1305-00-028-6570, a530
Caliber .50 Cartridge, 1305-00-028-6564, 201-
Caliber .50 Cartridge, 1305-00-028-6562, a224
Caliber .30 Blank Cartridge, 1305-00-028-6561, a222
Caliber .30 Blank Cartridge, 1305-00-028-6559, a225
Caliber .30 Blank Cartridge, 1305-00-028-6558, a223
Caliber .30 Blank Cartridge, 1305-00-028-6556, a222
Caliber .30 Blank Cartridge, 1305-00-028-6554, 202-
Caliber .30 Blank Cartridge, 1305-00-028-6553, a222
Caliber .30 Cartridge, 1305-00-028-6552, a234
Caliber .30 Cartridge, 1305-00-028-6551, a236
Caliber .30 Cartridge, 1305-00-028-6550, a231
Caliber .30 Cartridge, 1305-00-028-6549, a230
Caliber .30 Cartridge, 1305-00-028-6548, a236
Caliber .30 Cartridge, 1305-00-028-6547, a209
Caliber .30 Cartridge, 1305-00-028-6546, 191-
Caliber .30 Cartridge, 1305-00-028-6545, a209
Caliber .30 Cartridge, 1305-00-028-6542, a205
Caliber .30 Cartridge, 1305-00-028-6541, a218
Caliber .30 Cartridge, 1305-00-028-6537, a211
Caliber .30 Cartridge, 1305-00-028-6536, a212
Caliber .30 Cartridge, 1305-00-028-6535, a214
Caliber .30 Cartridge, 1305-00-028-6534, a216
Caliber .30 Cartridge, 1305-00-028-6529, a185
Caliber .30 Carbine Cartridge, 1305-00-028-6528, a237
Caliber .30 Cartridge, 1305-00-028-6527, a201
Caliber .30 Cartridge, 1305-00-028-6526, a203
Caliber .30 Cartridge, 1305-00-028-6522, a205
Caliber .30 Cartridge, 1305-00-028-6521, a205
Caliber .30 Cartridge, 1305-00-028-6520, a205
Caliber .30 Cartridge, 1305-00-028-6519, a209
Caliber .30 Cartridge, 1305-00-028-6517, a209
Caliber .30 Cartridge, 1305-00-028-6516, a209
Caliber .30 Cartridge, 1305-00-028-6514, a209
Caliber .30 Cartridge, 1305-00-028-6513, a183
Caliber .30 Carbine Cartridge, 1305-00-028-6511, a184
Caliber .30 Carbine Cartridge, 1305-00-028-6510, 172-
Caliber .30 Carbine Cartridge, 1305-00-028-6509, a182
Caliber .30 Carbine Cartridge, 1305-00-028-6508, a182
Caliber .30 Carbine Cartridge, 1305-00-028-6507, a181
Caliber .50 Cartridge, 1305-00-028-6505, a549
Caliber .50 Cartridge, 1305-00-028-6496, a543
Caliber .50 Cartridge, 1305-00-028-6495, a542
Caliber .50 Cartridge, 1305-00-028-6494, a541
Caliber .50 Cartridge, 1305-00-028-6492, a541
Caliber .50 Cartridge, 1305-00-028-6491, a576
Caliber .50 Cartridge, 1305-00-028-6490, a576
Caliber .50 Cartridge, 1305-00-028-6488, a577
Caliber .50 Cartridge, 1305-00-028-6487, a539
Caliber .50 Cartridge, 1305-00-028-6486, a539
Caliber .50 Cartridge, 1305-00-028-6485, a576
Caliber .50 Cartridge, 1305-00-028-6484, a551
Caliber .50 Cartridge, 1305-00-028-6483, a547
Caliber .50 Cartridge, 1305-00-028-6482, a533
Caliber .50 Cartridge, 1305-00-028-6480, 452-
Caliber .50 Cartridge, 1305-00-028-6478, a549
Caliber .50 Cartridge, 1305-00-028-6477, a533
Caliber .50 Cartridge, 1305-00-028-6476, 451-
Caliber .50 Cartridge, 1305-00-028-6475, a533
Caliber .50 Cartridge, 1305-00-028-6474, a533
Caliber .50 Cartridge, 1305-00-028-6473, a540
Caliber .50 Cartridge, 1305-00-028-6471, 452-
Caliber .50 Cartridge, 1305-00-028-6470, a540
Caliber .50 Cartridge, 1305-00-028-6469, a540
Caliber .50 Cartridge, 1305-00-028-6468, a592
Caliber .50 Cartridge, 1305-00-028-6467, a534
Caliber .50 Cartridge, 1305-00-028-6466, a550
Caliber .50 Cartridge, 1305-00-028-6465, a549
Caliber .50 Cartridge, 1305-00-028-6464, a533
Caliber .50 Cartridge, 1305-00-028-6462, a549
Caliber .50 Cartridge, 1305-00-028-6460, a532
Caliber .50 Cartridge, 1305-00-028-6458, a547
Caliber .50 Cartridge, 1305-00-028-6457, a531
Caliber .50 Cartridge, 1305-00-028-6454, a534
Caliber .50 Cartridge, 1305-00-028-6453, a534
Caliber .50 Cartridge, 1305-00-028-6451, a534
Caliber .50 Cartridge, 1305-00-028-6449, a531
Caliber .50 Cartridge, 1305-00-028-6448, a532
Caliber .50 Cartridge, 1305-00-028-6447, a531
Caliber .50 Cartridge, 1305-00-028-6437, a570
Caliber .50 Cartridge, 1305-00-028-6430, a570
Caliber .50 Cartridge, 1305-00-028-6427, a570
Caliber .50 Cartridge, 1305-00-028-6425, a580
Caliber .50 Cartridge, 1305-00-028-6419, a581
Caliber .50 Cartridge, 1305-00-028-6417, a581
Caliber .50 Cartridge, 1305-00-028-6414, a580
Caliber .50 Cartridge, 1305-00-028-6395, a571
Caliber .50 Cartridge, 1305-00-028-6394, a570
Caliber .50 Dummy Cartridge, 1305-00-028-6384, a560
Caliber .50 Dummy Cartridge, 1305-00-028-6383, a560
Caliber .50 Dummy Cartridge, 1305-00-028-6382, a560
Caliber .50 Dummy Cartridge, 1305-00-028-6381, a560
Caliber .50 Blank Cartridge, 1305-00-028-6380, a559
Caliber .50 Blank Cartridge, 1305-00-028-6379, a559
Caliber .50 Blank Cartridge, 1305-00-028-6378, a559
Caliber .50 Blank Cartridge, 1305-00-028-6377, a558
Caliber .50 Cartridge, 1305-00-028-6374, a554
Caliber .50 Cartridge, 1305-00-028-6369, a554
Caliber .50 Cartridge, 1305-00-028-6367, a554
Caliber .50 Cartridge, 1305-00-028-6357, a612
Caliber .50 Cartridge, 1305-00-028-6355, a554
Caliber .50 Cartridge, 1305-00-028-6347, a557
Caliber .50 Cartridge, 1305-00-028-6346, a612
Caliber .50 Cartridge, 1305-00-028-6337, a552
Caliber .50 Cartridge, 1305-00-028-6336, a553
Caliber .50 Cartridge, 1305-00-028-6335, a553
Caliber .50 Cartridge, 1305-00-028-6333, a552
Caliber .50 Cartridge, 1305-00-028-6332, a550
Caliber .50 Cartridge, 1305-00-028-6331, a549
Caliber .50 Cartridge, 1305-00-028-6328, 452-
Caliber .50 Cartridge, 1305-00-028-6313, a549
Caliber .50 Cartridge, 1305-00-028-6312, a528
Caliber .50 Cartridge, 1305-00-028-6309, a527
Caliber .50 Cartridge, 1305-00-028-6307, a527
Caliber .50 Cartridge, 1305-00-028-6305, a528
Caliber .50 Cartridge, 1305-00-028-6304, a528
Caliber .50 Cartridge, 1305-00-028-6303, a527
Caliber .50 Cartridge, 1305-00-028-6302, a527
Caliber .50 Cartridge, 1305-00-028-6298, a527
Caliber .50 Cartridge, 1305-00-028-6296, a526
Caliber .50 Cartridge, 1305-00-028-6295, 442-
Caliber .50 Cartridge, 1305-00-028-6294, a525
Caliber .50 Cartridge, 1305-00-028-6292, a526
Caliber .30 Cartridge, 1305-00-028-6288, a525
Caliber .30 Cartridge, 1305-00-028-6285, a575
Caliber .30 Cartridge, 1305-00-028-6281, a230
Caliber .30 Cartridge, 1305-00-028-6280, a230
Caliber .30 Cartridge, 1305-00-028-6279, a220
Caliber .30 Cartridge, 1305-00-028-6277, a220
Caliber .30 Cartridge, 1305-00-028-6276, a202
Caliber .30 Cartridge, 1305-00-028-6267, a234
Caliber .30 Cartridge, 1305-00-028-6266, 183-
Caliber .30 Cartridge, 1305-00-028-6265, a244
Caliber .30 Cartridge, 1305-00-028-6263, a234
Caliber .30 Cartridge, 1305-00-028-6261, a232
Caliber .30 Cartridge, 1305-00-028-6259, a232
Caliber .30 Cartridge, 1305-00-028-6257, a231
Caliber .30 Cartridge, 1305-00-028-6256, a230
Caliber .30 Cartridge, 1305-00-028-6255, 183-
Caliber .30 Dummy Cartridge, 1305-00-028-6251, a238
Caliber .30 Dummy Cartridge, 1305-00-028-6250, 183-
Caliber .30 Dummy Cartridge, 1305-00-028-6249, a238
Caliber .30 Blank Cartridge, 1305-00-028-6247, a226
Caliber .30 Blank Cartridge, 1305-00-028-6244, a227
Caliber .30 Blank Cartridge, 1305-00-028-6239, a227
Caliber .30 Blank Cartridge, 1305-00-028-6238, a225
Caliber .30 Blank Cartridge, 1305-00-028-6237, a223
Caliber .30 Cartridge, 1305-00-028-6229, a222
Caliber .30 Cartridge, 1305-00-028-6225, a222
Caliber .30 Cartridge, 1305-00-028-6219, a222
Caliber .30 Cartridge, 1305-00-028-6215, a217
Caliber .30 Cartridge, 1305-00-028-6210, a219
Caliber .30 Cartridge, 1305-00-028-6209, a217
Caliber .30 Cartridge, 1305-00-028-6208, 192-
Caliber .30 Cartridge, 1305-00-028-6207, a216
Caliber .30 Cartridge, 1305-00-028-6206, a216
Caliber .30 Cartridge, 1305-00-028-6204, a216
Caliber .30 Cartridge, 1305-00-028-6199, a214
Caliber .30 Cartridge, 1305-00-028-6197, a214
Caliber .30 Cartridge, 1305-00-028-6195, 181-
Caliber .30 Cartridge, 1305-00-028-6194, a212
Caliber .30 Cartridge, 1305-00-028-6192, a217
Caliber .30 Cartridge, 1305-00-028-6190, a219
Caliber .30 Cartridge, 1305-00-028-6189, a212
Caliber .30 Cartridge, 1305-00-028-6186, a237
Caliber .30 Cartridge, 1305-00-028-6176, a207
Caliber .30 Cartridge, 1305-00-028-6174, a209
Caliber .30 Cartridge, 1305-00-028-6172, 191-
Caliber .30 Cartridge, 1305-00-028-6171, a209
Caliber .30 Cartridge, 1305-00-028-6170, a205
Caliber .30 Cartridge, 1305-00-028-6167, a203
Caliber .30 Cartridge, 1305-00-028-6162, a201
Caliber .30 Cartridge, 1305-00-028-6161, a202
Caliber .30 Cartridge, 1305-00-028-6159, a209
Caliber .30 Cartridge, 1305-00-028-6157, a201
Caliber .30 Carbine Cartridge, 1305-00-028-6154, 173-
Caliber .30 Carbine Cartridge, 1305-00-028-6153, a183
Caliber .30 Carbine Cartridge, 1305-00-028-6152, 171-
Caliber .30 Carbine Cartridge, 1305-00-028-6150, a181
Caliber .30 Carbine Dummy Cartridge, 1305-00-028-6149, a181
Caliber .30 Carbine Dummy Cartridge, 1305-00-028-6148, a186
Caliber .30 Carbine Cartridge, 1305-00-028-6146, a186
Caliber .30 Carbine Cartridge, 1305-00-028-6144, a181
Caliber .30 Carbine Cartridge, 1305-00-028-6143, a181
Caliber .22 Hornet Cartridge, 1305-00-028-6142, a181
Caliber .22 Hornet Cartridge, 1305-00-028-6141, a087
Caliber .22 Cartridge, 1305-00-028-6139, a088
Caliber .22 Cartridge, 1305-00-028-6137, a084
10 Gage Blank Cartridge, 1305-00-028-5035, a086
Cartridge Link, 1305-00-028-4869, a010
Cartridge Link, 1305-00-028-4868, b089
20 Millimeter Cartridge, 1305-00-028-4561, b089
20 Millimeter Cartridge, 1305-00-028-4559, a777
20 Millimeter Cartridge, 1305-00-028-4556, a777
20 Millimeter Cartridge, 1305-00-028-4555, a776
20 Millimeter Cartridge, 1305-00-028-4553, a776
20 Millimeter Cartridge, 1305-00-028-4551, a765
20 Millimeter Cartridge, 1305-00-028-4550, a765
20 Millimeter Cartridge, 1305-00-028-4549, a765
20 Millimeter Cartridge, 1305-00-028-4548, a765
20 Millimeter Cartridge, 1305-00-028-4547, a775
20 Millimeter Cartridge, 1305-00-028-4546, a775
20 Millimeter Cartridge, 1305-00-028-4545, a775
20 Millimeter Cartridge, 1305-00-028-4544, a068
5.56 Millimeter Cartridge, 1305-00-009-5569, a068
5.56 Millimeter Cartridge, 1305-00-009-5568, a112
20 Millimeter Projectile, 1305-00-009-4255, a400
7.62 Millimeter Blank Cartridge, 1305-00-008-8894, null
Caliber .38 Special Cartridge, 1305-00-007-5557, null
Cartridge Case, 1305-00-007-3533, null
Cartridge Case, 1305-00-007-3533, null
Cartridge Case, 1305-00-007-3533, null
Cartridge Case, 1305-00-007-3533, null
Cartridge Case, 1305-00-007-3533, null
Cartridge Case, 1305-00-007-3533, null
Cartridge Case, 1305-00-007-3533, null
Cartridge Case, 1305-00-007-3533, null
Cartridge Case, 1305-00-007-3533, null
Cartridge Case, 1305-00-007-3533, null
Cartridge Case, 1305-00-007-3533, null
Cartridge Case, 1305-00-007-3533, null
Cartridge Case, 1305-00-007-3533, null
Cartridge Case, 1305-00-007-3533, null
Cartridge Case, 1305-00-007-3533, null
Cartridge Case, 1305-00-007-3533, null
Cartridge Case, 1305-00-007-3533, null
Cartridge Case, 1305-00-007-3533, null
Cartridge Case, 1305-00-007-3533, null
Cartridge Case, 1305-00-007-3533, null
Cartridge Case, 1305-00-007-3533, null
Cartridge Case, 1305-00-007-3533, null
Cartridge Case, 1305-00-007-3533, null
Cartridge Case, 1305-00-007-3533, null
Cartridge Case, 1305-00-007-3533, null
30 Millimeter Cartridge, 1305-01-632-6317, null
30 Millimeter Cartridge, 1305-01-632-6317, null
30 Millimeter Cartridge, 1305-01-632-6317, null
30 Millimeter Cartridge, 1305-01-632-6317, null
30 Millimeter Cartridge, 1305-01-632-6317, null
30 Millimeter Cartridge, 1305-01-632-6317, null
30 Millimeter Cartridge, 1305-01-632-6317, null
30 Millimeter Cartridge, 1305-01-632-6317, null
30 Millimeter Cartridge, 1305-01-632-6317, null
30 Millimeter Cartridge, 1305-01-632-6317, null
30 Millimeter Cartridge, 1305-01-632-6317, null
30 Millimeter Cartridge, 1305-01-632-6317, null
30 Millimeter Cartridge, 1305-01-632-6317, null
30 Millimeter Cartridge, 1305-01-632-6317, null
30 Millimeter Cartridge, 1305-01-632-6317, null
30 Millimeter Cartridge, 1305-01-632-6317, null
30 Millimeter Cartridge, 1305-01-632-6317, null
30 Millimeter Cartridge, 1305-01-632-6317, null
30 Millimeter Cartridge, 1305-01-632-6317, null
30 Millimeter Cartridge, 1305-01-632-6317, null
30 Millimeter Cartridge, 1305-01-632-6317, null
30 Millimeter Cartridge, 1305-01-632-6317, null
30 Millimeter Cartridge, 1305-01-632-6317, null
30 Millimeter Cartridge, 1305-01-632-6317, null
30 Millimeter Cartridge, 1305-01-632-6317, null
30 Millimeter Cartridge, 1305-01-632-6317, null
30 Millimeter Cartridge, 1305-01-632-6317, null
30 Millimeter Cartridge, 1305-01-632-6317, null
30 Millimeter Cartridge, 1305-01-632-6317, null
30 Millimeter Cartridge, 1305-01-632-6317, null
30 Millimeter Cartridge, 1305-01-632-6317, null
30 Millimeter Cartridge, 1305-01-632-6317, null
30 Millimeter Cartridge, 1305-01-632-6317, null
30 Millimeter Cartridge, 1305-01-632-6317, null
30 Millimeter Cartridge, 1305-01-632-6317, null
30 Millimeter Cartridge, 1305-01-632-6317, null
30 Millimeter Cartridge, 1305-01-632-6317, null
30 Millimeter Cartridge, 1305-01-632-6317, null
30 Millimeter Cartridge, 1305-01-632-6317, null
30 Millimeter Cartridge, 1305-01-632-6317, null
30 Millimeter Cartridge, 1305-01-632-6317, null
30 Millimeter Cartridge, 1305-01-632-6317, null
30 Millimeter Cartridge, 1305-01-632-6317, null
30 Millimeter Cartridge, 1305-01-632-6317, null
30 Millimeter Cartridge, 1305-01-632-6317, null
30 Millimeter Cartridge, 1305-01-632-6317, null
30 Millimeter Cartridge, 1305-01-632-6317, null
30 Millimeter Cartridge, 1305-01-632-6317, null
30 Millimeter Cartridge, 1305-01-632-6317, null
30 Millimeter Cartridge, 1305-01-632-6317, null
30 Millimeter Cartridge, 1305-01-632-6317, null
30 Millimeter Cartridge, 1305-01-632-6317, null
30 Millimeter Cartridge, 1305-01-632-6317, null
30 Millimeter Cartridge, 1305-01-632-6317, null
30 Millimeter Cartridge, 1305-01-632-6317, null
30 Millimeter Cartridge, 1305-01-632-6317, null
30 Millimeter Cartridge, 1305-01-632-6317, null
30 Millimeter Cartridge, 1305-01-632-6317, null
30 Millimeter Cartridge, 1305-01-632-6317, null
30 Millimeter Cartridge, 1305-01-632-6317, null
30 Millimeter Cartridge, 1305-01-632-6317, null
30 Millimeter Cartridge, 1305-01-632-6317, null
30 Millimeter Cartridge, 1305-01-632-6317, null
30 Millimeter Cartridge, 1305-01-632-6317, null
30 Millimeter Cartridge, 1305-01-632-6317, null
30 Millimeter Cartridge, 1305-01-632-6317, null
30 Millimeter Cartridge, 1305-01-632-6317, null
30 Millimeter Cartridge, 1305-01-632-6317, null
30 Millimeter Cartridge, 1305-01-632-6317, null
30 Millimeter Cartridge, 1305-01-632-6317, null
30 Millimeter Cartridge, 1305-01-632-6317, null
30 Millimeter Cartridge, 1305-01-632-6317, null
30 Millimeter Cartridge, 1305-01-632-6317, null
30 Millimeter Cartridge, 1305-01-632-6317, null
30 Millimeter Cartridge, 1305-01-632-6317, null
30 Millimeter Cartridge, 1305-01-632-6317, null
30 Millimeter Cartridge, 1305-01-632-6317, null
30 Millimeter Cartridge, 1305-01-632-6317, null
30 Millimeter Cartridge, 1305-01-632-6317, null
30 Millimeter Cartridge, 1305-01-632-6317, null
30 Millimeter Cartridge, 1305-01-632-6317, null
30 Millimeter Cartridge, 1305-01-632-6317, null
30 Millimeter Cartridge, 1305-01-632-6317, null
30 Millimeter Cartridge, 1305-01-632-6317, null
30 Millimeter Cartridge, 1305-01-632-6317, null
30 Millimeter Cartridge, 1305-01-632-6317, null
30 Millimeter Cartridge, 1305-01-632-6317, null
30 Millimeter Cartridge, 1305-01-632-6317, null
30 Millimeter Cartridge, 1305-01-632-6317, null
30 Millimeter Cartridge, 1305-01-632-6317, null
30 Millimeter Cartridge, 1305-01-632-6317, null
30 Millimeter Cartridge, 1305-01-632-6317, null
30 Millimeter Cartridge, 1305-01-632-6317, null
30 Millimeter Cartridge, 1305-01-632-6317, null
30 Millimeter Cartridge, 1305-01-632-6317, null
30 Millimeter Cartridge, 1305-01-632-6317, null
30 Millimeter Cartridge, 1305-01-632-6317, null
30 Millimeter Cartridge, 1305-01-632-6317, null
30 Millimeter Cartridge, 1305-01-632-6317, null
30 Millimeter Cartridge, 1305-01-632-6317, null
